CUST_ID,INCOME,SAVINGS,DEBT,Clothing,Education,Entertainment,Gambling,GAMBLING Level,Groceries,Health,Housing,Tax,Travel,CREDIT_SCORE
C02COQEVYU,33269,0,532304,2834,0,4622,1918,High,7602,320,4527,0,17893,444
C02OZKC0ZF,77158,91187,315648,5929,0,25938,0,No,7610,577,24608,2961,20234,625
C03FHP2D0A,30917,21642,534864,2017,0,5842,1810,High,6753,1278,4154,0,16072,469
C03PVPPHOY,80657,64526,629125,10543,6617,20295,11852,High,6902,2863,19006,2590,25038,559
C04J69MUX0,149971,1172498,2399531,2300,0,7869,2646,High,50183,10094,64247,5735,28167,473
C04Q46QKOG,181636,339055,1695274,13356,8544,32974,0,No,38185,8272,46162,11049,0,596
C069MLDS7X,60881,42617,383550,2775,0,15471,0,No,4719,3289,14671,2119,29482,580
C07VC05Z4R,220838,186863,2225362,5655,0,54233,0,No,37589,8873,0,15464,62496,596
C0CLKGEG1L,78615,62892,110061,8258,0,37509,17426,High,12537,4339,30256,4126,0,638
C0DYD1C2G1,174000,1502729,411273,3643,0,14239,3394,High,68234,6309,77717,6502,24098,636
C0E07GT6D1,193225,1410542,2589215,7601,50108,20005,0,No,94399,10809,0,11151,43552,552
C0EOQXXNNB,98937,89043,742028,12882,7583,32993,14129,High,7895,3334,21844,3150,28927,538
C0F4LCF4BH,14291,207220,20007,2883,0,5447,0,No,6724,4968,0,242,0,624
C0FG8K3OV2,166965,400716,678991,8604,5352,20395,10454,High,22384,4318,0,7918,50833,582
C0GE5SFY2G,209348,209348,1084801,24900,13523,40947,0,No,15357,6666,38758,4971,89829,602
C0H3H2TKKY,82618,859227,132189,2753,0,14201,0,No,19932,14255,0,726,44641,636
C0IDR4CM79,56930,404832,56930,3256,0,10477,941,Low,12806,4813,21659,575,24453,651
C0IXKYKMRL,35512,17756,273442,9898,5556,16973,9998,High,6270,2066,0,2186,0,548
C0JCQCXNXT,0,57923,57923,0,0,0,801,Low,1328,317,0,0,13223,576
C0JKTNB2TD,25301,232310,23001,2018,0,4090,0,No,6083,1727,8434,204,7095,593
C0K3Z24G8I,378893,622467,1975657,31445,12601,48340,0,No,52295,18134,0,20844,130447,563
C0KC053WZW,6789,3879,0,236,0,3713,0,No,685,0,0,0,6676,599
C0MI6LD2MJ,11371,91999,9303,701,0,4604,316,Low,5081,2931,0,198,0,673
C0PTXJAE8V,81157,14756,81157,21809,0,40085,19754,High,16222,3594,0,4819,0,646
C0Q3WMNWFK,126790,369803,1215067,9469,6537,24458,0,No,21080,12095,0,9623,38039,581
C0SQRDFFQJ,189395,206612,671490,21747,14055,42889,25836,High,11961,4339,40331,5821,53665,633
C0TALH5KLT,26754,16052,179252,3206,0,13714,0,No,4416,1013,12952,1456,0,566
C0TDWDICDY,113172,833360,967110,4273,0,13058,0,No,79972,13952,0,10095,0,596
C0TLIMKF6J,0,55493,96098,0,0,0,0,No,1312,197,1822,0,10886,623
C0U8XZDDOH,60213,876429,73593,4889,0,16580,0,No,16328,14446,23260,612,15967,630
C0VFGMXCSY,49201,44281,226325,7602,4411,13674,0,No,4567,1411,12667,1729,16896,624
C0XPGEXHTU,364432,1027036,2285984,3710,53367,37061,4897,High,131658,23477,117226,11770,66650,597
C0XX9E31V4,122247,48899,1014650,13127,0,44809,0,No,15151,5785,0,6037,61850,581
C0YWSHXQ6S,276482,1543693,23040,17760,51161,19540,4634,High,106704,17412,0,11312,63455,670
C0ZGQ31QU3,455849,1329559,1063647,24358,0,90478,0,No,63463,21881,82105,25279,157319,645
C100A9BNEE,22231,244541,37793,2332,0,3115,0,No,5003,4996,0,162,12149,616
C13TFY2W0E,199356,398712,398712,37061,0,37884,0,No,41856,19363,0,16634,52857,632
C157QHWMOM,62978,377870,108781,1519,0,9842,0,No,9134,8904,20385,510,19201,639
C1DR8RYO0F,0,6979,6611,0,0,0,818,Low,1277,133,2286,0,0,490
C1E91TINGW,167342,669370,1073780,24358,0,63557,23326,High,47597,12663,0,17888,0,555
C1EO8P62U5,29647,438776,41506,2281,0,6071,0,No,8385,2869,0,256,15305,644
C1I0JM3J6J,22191,254192,14122,1133,0,3785,352,Low,5627,3884,0,187,9249,642
C1IP5PJ22J,39989,383894,11997,1624,0,6782,487,Low,8160,7486,13807,300,11756,630
C1J68EOLWI,68682,611892,49950,1750,0,13560,0,No,11588,5540,28301,738,15155,695
C1KAX16QFA,0,5872,23487,0,0,0,0,No,601,48,619,0,4374,462
C1MCCK6ROE,257356,857852,793513,16220,0,48021,0,No,48266,15892,0,19655,94163,654
C1N0CMN0KL,165726,1446336,708102,11854,0,13394,3626,High,80911,19929,0,8098,47747,577
C1O5ATWH88,88428,405295,36845,7855,0,4654,0,No,43815,7296,0,3553,24980,652
C1TMB5NMB4,8147,741,216996,687,3955,2285,0,No,2182,527,1449,0,0,407
C1UGBSYMRJ,105049,183836,595279,13878,0,20488,9309,High,17241,5254,0,6489,35493,545
C1VKCAMWP1,337587,882919,1921647,35951,0,54291,0,No,58506,16058,0,23282,117163,699
C1VY8O3SPZ,445075,1051996,3439219,39867,14889,92875,32567,High,70532,16161,80106,23296,147255,453
C1WU940IZW,82444,16489,486420,5679,0,42752,0,No,8218,1178,25102,3218,23985,590
C1XHW1POG6,106005,752636,773836,9869,0,6894,1690,High,60955,6155,0,5036,38666,529
C1XYQGZ7YG,68418,373188,74638,1110,0,15826,1049,Low,10815,6235,23443,544,19240,630
C1YHMBQFS8,202715,827752,3361687,3638,0,10719,3843,High,63180,6644,86775,8711,27029,475
C20CBBCVCU,17834,116914,37650,983,0,4032,0,No,3931,3912,6633,180,6199,644
C22I09SSOP,183630,535588,1943418,14738,0,7699,0,No,73356,15169,61930,5525,28551,541
C283FM1PPN,0,18054,54162,0,0,0,766,Low,870,138,0,0,7447,562
C297LLFJAJ,152243,478478,772090,5269,7005,26738,16939,High,25860,4113,0,11601,32692,599
C29HCTA0VF,31753,346392,49072,967,0,6673,0,No,5273,2625,9999,240,10428,601
C29N1DWJXJ,297745,893235,1020840,19138,0,54263,24332,High,50597,17471,0,23426,65859,588
C2C57M3YA9,197073,1021195,1863233,12364,30709,12000,2967,High,64030,9168,67715,5288,34209,572
C2F3X6KAG1,45142,45142,126398,7443,8698,32786,0,No,7909,3751,0,3404,0,608
C2FKNTXI7M,0,16496,19795,0,0,0,0,No,1088,140,1950,0,5607,596
C2GD9N4IZA,189857,348071,996748,22380,0,28098,0,No,34947,6441,0,12209,80710,617
C2GP7RIICV,87990,223975,63993,4377,0,5828,0,No,32011,6561,33904,3402,17606,631
C2QDTLDUW3,545667,873067,4983759,50447,0,53907,22927,High,76378,13216,76923,21047,137930,538
C2RE8P1DQD,230770,609893,725278,12117,0,39550,0,No,35129,9261,0,12420,81016,638
C2RXUZY60M,74577,522039,149154,10650,0,13234,0,No,18773,13753,0,720,35786,584
C2SXH15B7K,98229,392916,1241256,29553,6590,25181,12341,High,31689,10945,0,10944,0,517
C2WIGBDCRO,224036,936877,1120180,13998,0,13709,0,No,105329,23447,110906,11133,0,636
C2XCEM6G8W,295637,665183,2833186,15198,0,13183,4678,High,102390,21489,107974,10840,45123,585
C2YW1WUDAE,39822,50683,242553,3015,3598,10783,6665,High,2781,381,10323,1162,7797,582
C2YXE7PUHM,85809,288630,312032,1938,20604,5626,1787,High,35515,6020,0,4582,19356,613
C2ZE9A87BY,371850,2738164,405654,22509,54049,14699,0,No,121018,32591,118980,11945,75308,716
C311LUGZRH,287128,242955,3136326,27108,9985,38584,0,No,41394,14444,53662,16522,75630,519
C36K3R2B44,35947,330712,0,1841,0,6219,0,No,7611,4058,12828,323,12063,648
C373C9WCQB,461420,1417220,3229943,26366,14794,56344,30931,High,61598,28122,79691,19089,101862,740
C37QIJOSDU,53691,10738,263086,5584,0,16938,0,No,4244,1286,15983,2304,20043,616
C384PVSZ9T,21767,166219,35618,3072,0,6666,0,No,9370,8608,0,360,0,619
C386Q2UUKB,0,29214,113782,0,0,0,827,Low,1325,362,1853,0,12042,582
C39B4IKK53,99273,148910,89346,9524,0,43762,0,No,14301,3053,0,6024,42847,676
C3AEUELIY4,177977,161797,453032,43894,12186,36621,0,No,15885,5828,35265,5089,57584,625
C3BAYT7JDN,42727,371725,81181,3385,0,6423,0,No,9067,6638,13221,342,16114,603
C3BTU56AAH,124887,133213,266426,11349,0,26878,13178,High,37451,15792,0,10507,0,593
C3EF5TDXN3,28444,173249,36201,1735,0,4529,0,No,7081,3610,0,252,13568,553
C3H8GW7C04,557523,1154870,2349563,15750,15291,59174,27655,High,62707,34743,82925,25530,166512,732
C3HCLE1DRY,0,9707,29929,0,0,0,434,Low,998,154,1120,0,6042,500
C3NCRZ1IUQ,270296,602968,2099992,24047,8575,32921,14105,High,35990,21591,46339,13473,66433,603
C3ODDHNOVM,163513,252702,758105,4474,0,65255,0,No,36508,12396,0,16831,40531,612
C3ODGU8YXC,163528,572348,1896925,12959,0,15646,5585,High,146221,31032,0,11310,0,504
C3R1QL1X40,114054,725795,684321,6548,0,5453,0,No,41678,3344,44066,4424,26544,603
C3ROBBPHCZ,56657,442952,51506,1374,0,9464,0,No,11544,5287,19459,448,16915,635
C3T8YF5SQA,67827,776239,82899,11081,0,14073,0,No,19701,12020,0,774,33977,639
C3TS8Y4O0V,88276,105931,635587,10463,0,26401,13027,High,8979,2777,0,3172,40585,564
C3UCLV7RVH,123364,185046,1122612,6488,0,55199,0,No,16211,7472,0,5920,59699,535
C3UTGPU7LW,64249,147773,1278555,2315,15672,4184,1397,Low,32377,8614,0,3435,13856,447
C3VO9SYOW6,174117,411549,2311005,10524,8073,30692,0,No,29582,6812,43531,13402,50785,552
C41ADEN33W,113584,435404,870808,5378,0,35038,12665,High,23971,5546,35104,9607,0,541
C448YFIZIR,0,5078,48245,0,0,0,0,No,822,66,1199,0,4672,548
C46KSYX7EO,169985,538285,1501532,19621,9433,50902,0,No,44357,10071,50711,15613,0,573
C47X4FRYZW,30500,206723,30500,1568,0,5288,468,Low,6517,5544,10998,256,12565,644
C49NUIILV5,245854,770344,655612,11878,10216,39262,0,No,38081,11967,0,16019,61977,714
C49S0DC5D8,156316,203211,1078580,13727,0,58615,0,No,16342,3872,37812,5456,63583,559
C4ALDZHZ9J,392466,1298157,3200108,43199,12797,49432,0,No,57976,15442,0,20070,153027,515
C4BHCCS6R6,0,87105,40773,0,0,0,0,No,2014,485,2333,0,14866,556
C4EJLTBMYB,174554,1221878,2059737,18463,38468,10266,0,No,83840,23182,0,8537,43760,540
C4HOGXNJM0,0,47686,22321,0,0,0,0,No,1115,174,0,0,8974,544
C4I4XMZC0P,32790,366651,47694,2062,0,5970,548,Low,7396,6764,0,306,12780,605
C4J3E9TQZD,19242,16836,98613,1362,10141,3848,0,No,5462,1013,0,0,8638,647
C4KND3RVCP,54779,59759,453171,2501,0,11405,0,No,4374,2743,10788,1472,25976,548
C4M9VSRW40,158860,303278,1588598,7800,24925,6607,2303,High,52054,10637,54986,5520,25722,563
C4NPELEDLR,188522,616982,1233965,18462,0,29188,14178,High,32660,9976,0,12965,80194,546
C4NZ0319ZT,433903,1814502,3629004,74572,0,95973,31605,High,64351,28450,0,20880,180840,598
C4PWSR0X4F,48754,224268,667930,1082,0,5551,0,No,40393,11342,0,3992,0,539
C4Q5IYMJW4,309626,2702189,2279972,21931,0,23568,4443,High,111010,27067,117193,10457,54407,520
C4RLIQ9D68,85848,788244,62435,1964,0,12029,0,No,17036,11581,24740,576,28295,637
C4S93WITPG,12615,7884,466762,484,6842,2593,0,No,2984,313,2526,0,4622,389
C4SCZ0AXF3,25331,322392,39148,881,0,5944,0,No,7315,5615,12352,288,0,629
C4W41JNE9C,2783,1855,0,177,324,6392,0,No,650,0,0,0,0,570
C4WE469WG0,28329,181306,39661,2361,0,4113,371,Low,5509,3521,8571,198,10797,650
C4XMSGPM3M,55865,50278,502785,9749,0,18531,11009,High,6742,3549,0,2506,20232,547
C4Y2Z0N6F4,60744,747151,6074,2543,0,10075,0,No,12543,10515,0,480,33389,627
C4ZT2VG3Q0,17783,247184,14226,657,0,3858,0,No,4020,499,7940,192,4872,683
C521B3X1NS,257093,237317,850385,25343,0,57181,0,No,73395,4680,80926,20765,0,614
C55Q1QEAQ9,95946,759572,239865,3941,24366,6594,0,No,57950,10621,0,5384,0,623
C562D73YDK,92891,139336,371564,27338,12282,37403,0,No,14458,4279,35406,4540,0,608
C564B168K4,150768,41119,1000553,21113,0,64674,24195,High,13452,5166,0,5358,48584,549
C56CX1WRAL,13271,2654,290635,835,7784,4404,1307,Low,4182,849,0,0,0,439
C56HT93U17,386976,1250231,654883,67234,0,71317,0,No,67405,16042,0,16955,135470,562
C593WVKN4X,89013,80112,854525,12658,0,20471,0,No,7491,2659,19227,2464,43467,550
C5B49IMGXW,29458,23566,288688,2499,0,7650,0,No,7412,894,0,0,17044,485
C5B7Z06C8F,295259,840351,2657327,16316,0,42155,22312,High,46606,17428,0,15361,109149,603
C5E2NVEHCK,159746,261403,319493,27420,14399,44121,0,No,13685,5667,0,5663,66937,637
C5FNC1DMDV,16232,3246,412293,453,6364,2422,0,No,3410,586,2362,0,5405,396
C5GAZWY340,179326,435506,1306518,19924,0,20412,0,No,26721,3946,28821,8381,50922,587
C5GKDSM9NW,7501,2500,0,480,0,11969,0,No,1384,0,0,0,0,627
C5IOLMPHJL,332986,880034,2449824,33292,0,49999,27008,High,54203,16255,0,21564,86800,640
C5IUBZWZKO,24442,157762,13332,972,0,5905,0,No,4353,2650,7371,198,7405,612
C5JQOBBP5Y,19798,22272,138583,1686,0,4366,0,No,7012,1587,0,0,14442,575
C5KBEUQLYY,65690,65690,302174,3781,0,27021,9668,High,7376,1134,17568,2537,18678,550
C5MV7WWULA,79805,348240,224905,30144,0,17793,9374,High,25744,16527,0,7908,0,551
C5NHFIUE1I,122275,442073,799493,10455,0,15128,8440,High,16600,5721,21489,5146,34297,557
C5NPA62PUQ,240892,306590,766476,41950,12730,48936,23622,High,18326,11307,0,5270,115310,554
C5ORUK2LLQ,30367,343147,36440,1066,0,6084,0,No,5902,4898,9920,252,10280,628
C5UDU8LSNI,120396,953135,1956435,2458,0,6868,0,No,47943,2855,55549,5575,9232,494
C5V4MTNH38,113108,45243,1063215,7424,0,63483,0,No,12958,4712,39004,5316,21084,556
C5VDWVXV5V,97109,135953,699185,6371,12270,36867,0,No,12494,1973,0,4773,42357,600
C5VKN49V4F,275239,550477,613994,14000,0,58234,0,No,52907,7426,0,25410,79811,708
C5X8TUAWPM,66816,861926,93542,3220,0,13767,0,No,18969,13866,0,753,30824,613
C5X9WBVV6X,26576,7248,198112,1732,8386,3197,0,No,4820,1365,0,0,10879,519
C5ZEYQGYAF,47193,61351,193491,9762,5641,17684,0,No,5211,1214,0,2350,16266,628
C5ZF1U3RVW,1635,818,0,112,242,3223,0,No,518,0,0,0,0,682
C5ZUUPPYZM,16014,97685,20818,824,0,8042,0,No,7648,2547,0,432,0,654
C60AFNFT5Z,85265,31006,224791,4885,5711,42465,0,No,5913,1992,16379,2362,26240,586
C61V6QHXW7,295687,320328,2537982,42162,0,43677,0,No,37811,17239,44353,13655,109163,635
C620Y7KVLZ,39384,350518,63014,2695,0,14486,0,No,8731,7409,19983,522,0,656
C64SBUXM7K,10600,2120,217300,418,0,2522,0,No,3173,285,0,0,5589,485
C672DD9L47,363335,1453339,1877230,23093,12584,48235,21284,High,52596,22066,67851,18569,106763,611
C67VECQGVI,89137,704182,80223,6222,0,11562,1084,Low,15630,22800,23822,630,33945,620
C6AT1YT77Y,282096,866437,2035120,20193,14652,56561,0,No,55097,9378,0,24432,56460,610
C6C2EZIN4R,149546,473564,1445615,6880,10381,60810,15869,High,43297,16771,0,16336,0,540
C6ECE5XCQW,168810,379822,2025720,20792,13718,52214,0,No,55516,10634,0,22686,0,574
C6ERYK4NQ5,6405,712,0,113,225,2875,0,No,414,0,0,0,4718,632
C6ETOMBMK7,84772,254315,952051,9255,0,34108,0,No,24879,3428,0,10714,0,548
C6F81FG76X,85831,236036,729565,9528,3905,14940,0,No,16274,1842,0,6487,30007,596
C6HBWSF91H,154697,297495,1201880,10459,0,37471,0,No,24955,10797,0,9828,49575,558
C6I55CJD5C,2657,1860,69613,315,0,1271,0,No,1839,242,0,0,0,409
C6ICCK6ASA,55167,401216,5015,1528,0,10030,0,No,11126,10940,15956,368,15535,644
C6ILUKQBQU,100288,230662,330950,9520,23491,9948,0,No,48988,8051,0,5189,23729,608
C6K4JE4XGY,51559,670270,68746,3638,0,12311,0,No,10751,6912,17196,400,22167,604
C6K8RD02SY,92257,661177,861067,2931,0,6789,0,No,45587,7840,0,5482,20211,578
C6M2N1ZIWS,8054,1790,0,100,269,4286,0,No,667,0,0,0,5545,620
C6MHIC9CQ3,5010,5636,26300,763,0,3125,0,No,2827,415,1950,0,0,528
C6MQ5N5QNN,20118,12574,701601,1593,0,4592,0,No,6510,1003,4491,0,11989,323
C6NIRAFIVW,168502,428915,903786,8407,24146,6520,0,No,61242,12103,53195,5341,33162,601
C6R2ZIZZN6,40828,648705,54437,806,0,11028,892,Low,11464,114,22425,594,10268,636
C6RJ7P6K19,230465,362160,642010,15006,10874,41702,18224,High,45268,19123,58555,18028,0,627
C6SOYZWMLZ,41913,419130,13971,1239,0,12405,1235,Low,11179,8149,0,642,17768,662
C6T9XANTEC,190021,1409324,142516,17598,0,10378,0,No,84039,19030,0,8429,55621,653
C71SU8FUH8,210482,325290,918466,12261,0,53090,0,No,36954,14357,52126,16049,55651,640
C75BHUCCYU,78320,590960,78320,738,0,13552,967,Low,14729,10879,27959,656,19798,657
C773VHZLD3,15640,152133,22749,865,0,3132,0,No,3841,3488,0,144,5404,611
C77BH7Y6NQ,237505,296882,554179,4658,9418,35809,0,No,31772,7253,50526,14691,81412,672
C77PC8A6E9,15221,3044,0,270,0,10478,0,No,1100,0,0,0,7928,645
C786XCTMG7,0,2910,4802,0,0,0,0,No,704,194,964,0,0,502
C7E9VWUS6H,92173,73738,9217,16387,0,39090,0,No,8716,3339,24066,3473,28909,611
C7ERV95N79,71426,138089,152374,3740,0,20095,0,No,21981,7568,0,8254,0,634
C7J5ZDH9QO,102302,102302,235295,30861,13536,41376,0,No,17101,5529,39032,5633,0,623
C7JA93ZDD4,28181,11272,397352,936,11687,4446,0,No,6258,998,0,0,11254,544
C7JJ60IKOT,110743,694658,422835,9472,18406,4978,0,No,43707,11662,0,4078,35604,595
C7JLBW6G6D,260417,725447,446429,34318,0,37531,0,No,40614,15711,0,10786,87664,592
C7JVBVS5G5,60917,636858,88606,2440,0,13635,0,No,10846,6444,18251,432,18705,642
C7K2888WAA,89043,53426,641110,12564,0,37085,22545,High,11268,864,35364,4821,0,569
C7K2J89CI8,112744,403998,1428086,3443,27792,7489,0,No,51746,3802,0,5473,15150,545
C7L3TVE8Y7,46547,67704,118482,2045,3895,18007,6953,High,3114,941,0,1438,17155,589
C7NHAUTLND,43294,59037,184983,3083,3607,11014,0,No,3583,796,10377,1494,15316,615
C7QEBQW9RI,170819,931740,1133617,8401,0,12671,0,No,86249,13951,0,9369,47740,628
C7S01K7107,182933,436226,1590113,6249,0,44704,0,No,28923,11084,0,11542,65607,566
C7TG8MQ37K,144329,278348,1154630,2628,4172,15929,7656,High,17488,5545,22583,6954,42057,544
C7W46BEW81,25472,342454,28302,791,0,5532,0,No,6840,1343,11373,272,8786,668
C7XJH42EUS,14812,171819,14812,754,0,4099,371,Low,3759,1278,0,216,6007,637
C7Z8KUBDSL,253599,743890,980583,23187,0,30953,0,No,34831,6711,45114,12344,55237,629
C82W3QNQQD,159668,1204770,87092,6267,26887,7286,0,No,45010,7000,59051,5600,28197,664
C83EC7WOMR,113615,605946,1126680,3319,0,8315,0,No,33416,4134,45022,4268,21001,554
C844VDEAL6,258361,215301,2906564,34878,0,58260,0,No,63416,32673,82149,25292,0,526
C85M4QR53M,43974,562867,13192,828,0,9663,0,No,11168,3020,19811,493,10232,679
C87QZD07B3,188674,1021982,1871013,6048,31993,8669,2536,High,59125,4872,70785,5527,16670,537
C87WWMW4CD,15827,3165,0,68,738,9837,0,No,1360,0,0,0,7833,696
C8AEZB1KHF,258041,774122,1892299,32757,10296,60426,0,No,42705,17893,0,16059,87225,550
C8BL5UKZ2M,29826,414581,0,622,0,5131,0,No,6299,5825,10635,248,9162,658
C8CDJWBDA3,21210,16968,2121,2968,0,9988,0,No,4007,813,0,1275,6999,675
C8CLHO0RZ1,244600,838627,1118170,22621,5537,21363,0,No,32636,11200,29818,8673,83331,568
C8EN80T4XM,62883,597388,94324,3669,0,15090,810,Low,12114,10226,20433,510,19430,583
C8FIF9POPD,192324,288486,634669,35012,0,37819,23529,High,15955,8666,35391,5107,81858,602
C8HME9YVKO,279743,536174,1771704,53475,8471,32315,0,No,43432,12846,0,12527,118519,581
C8IVP9ZG87,0,5548,70541,0,0,0,0,No,1148,151,0,0,6457,623
C8J02BQH2D,171188,295688,373500,29111,0,45578,0,No,15469,4115,42559,6142,56732,631
C8JQDAPT0H,6081,760,116295,277,0,2026,0,No,2163,327,0,0,3823,486
C8JY6VT4A4,42645,469092,75813,2777,0,8652,823,Low,10581,6505,17856,442,13579,647
C8OFRXHUPW,18688,213880,12459,788,0,5810,0,No,6367,2152,12062,324,0,672
C8OHQV100V,23381,144962,42086,555,0,4888,348,Low,5670,1468,10150,240,6521,613
C8P4YV7ZUO,162242,189283,1500742,17964,0,24458,14050,High,26686,6342,0,10642,60479,549
C8PBEPV89A,372642,1490568,1521622,69493,0,90932,0,No,70258,27096,0,24966,114252,673
C8Q215YRPI,63935,875910,31968,3164,0,10176,0,No,12559,12538,21044,558,21904,639
C8SVT1ZWEW,114993,146355,261348,11636,8080,24962,14749,High,10379,3814,0,3366,50689,604
C8T50MQRLT,357293,1126848,1841435,28047,0,52004,0,No,56666,21984,73314,22572,91618,638
C8T8PT4NN1,313577,313577,2651151,24568,11490,44036,0,No,51451,40115,0,19032,149348,524
C8U6D2SQ28,110432,143562,773024,24572,0,28724,0,No,10532,8537,27094,3910,41302,580
C8Z4WUSTBZ,106512,183975,280804,10048,4876,25699,0,No,20473,9495,0,6335,41009,620
C90O7E1P0H,410661,410661,2786626,15965,14496,54491,32014,High,70744,12968,0,20014,123143,544
C90YHKTFFC,332069,2407499,802500,21531,0,14520,4226,High,110956,15886,117718,11163,60863,563
C91SLTIAJH,125575,75345,150690,24780,9964,30639,0,No,11919,5247,0,2767,67464,617
C92EOZLTSA,185935,666268,2262212,6396,8613,33441,0,No,35632,5888,46473,12717,43292,592
C92Y89OX39,42102,0,1018115,1431,15188,14409,0,No,8183,1247,0,0,11783,391
C95I2WXODI,183006,211161,1998991,7956,0,31402,18571,High,42105,7957,0,12357,49337,552
C95J2R7K6G,76038,532266,83642,3023,0,12394,0,No,15508,8581,25963,684,29317,665
C97OABQGPA,171333,331244,228444,4917,5797,57307,0,No,22555,3167,31263,9094,21888,608
C99FK6POVX,232646,845984,3383936,6072,0,15776,0,No,67948,14562,110180,10448,35826,504
C9DKNB4UT7,239586,447227,2315998,16044,6398,24203,14079,High,26698,5092,34464,9431,60088,603
C9F7C456R6,50908,576953,16969,569,0,10881,1034,Low,15815,7460,22627,594,13165,642
C9FG5C9IBI,87120,78408,383328,10671,0,27894,0,No,8617,1799,26246,3788,28010,634
C9GMY6MGZD,0,10915,2620,0,0,0,483,Low,920,161,1280,0,0,614
C9HNM0U3GC,4498,4498,0,179,431,5717,0,No,928,0,0,0,4220,585
C9HNMM2A3U,34229,205374,13692,1388,0,6477,0,No,7878,2880,0,320,19384,610
C9JIGIU9RO,8917,991,7926,771,6469,3403,0,No,3446,427,0,0,0,594
C9N78WR909,297516,371895,2355335,6832,0,55636,0,No,47234,8155,78242,24090,77484,570
C9O6F9NMJJ,25623,19929,606411,1290,0,4861,0,No,7652,1273,0,0,17428,435
C9PKQ7OMND,277118,1408685,3972030,14300,52749,14370,4393,High,99282,32841,0,10412,61591,509
C9Q9P5YQZN,335323,1005970,2630998,10586,12065,45640,22597,High,49070,17883,0,20034,120045,524
C9S85IT603,457662,1725035,1372987,60215,0,54984,0,No,75705,15743,77362,22498,140276,531
C9URBMKDNN,77877,474340,1330984,1467,24229,6606,2286,High,43112,7352,0,5341,0,479
C9V3IFK8A3,263264,702038,658161,52765,9806,41219,0,No,46903,26523,0,12701,87627,582
C9WHRI9RSA,74949,119918,112424,5179,0,26202,12132,High,6422,2422,24412,3524,17429,636
C9YTQY71MH,16800,4800,0,387,718,9697,0,No,1869,0,0,0,15702,639
C9Z0YK6B93,11722,5210,302180,2181,0,4105,0,No,7006,1814,3997,0,0,385
CA2D29ME3B,318618,568960,1957222,8706,15192,57804,0,No,52412,24101,0,22397,85909,640
CA2LQZSA6N,115157,967319,426081,9585,38378,14949,0,No,80072,4954,0,6633,0,612
CA343SCAZG,26519,222760,45082,729,0,4936,510,Low,5384,2871,10235,270,7988,668
CA7C7MGB4R,0,1059,1177,0,0,0,325,Low,507,44,678,0,0,591
CA7N830VTX,89368,121866,308727,12462,0,38206,0,No,8322,2872,0,2955,37521,609
CA95XAQOJ1,265243,682052,1989320,24795,0,42237,0,No,45760,13187,0,18237,77471,552
CA9HZRMSGS,216406,613149,1677143,3493,51464,14100,0,No,102355,9369,0,11462,31887,625
CABRK0ZO7Z,233050,563203,1301194,6788,56893,22068,0,No,150705,23387,0,11179,0,562
CABV32P9HO,37159,598676,24773,1719,0,11042,0,No,12354,6807,0,594,15586,633
CABZ7TDSKM,82169,664821,112048,1047,0,14388,0,No,14246,8853,29541,731,22194,665
CADDTU079K,145146,261263,769274,17691,0,38343,16577,High,13207,1511,36428,4964,53501,581
CADX5PJRJV,9045,7538,0,258,554,7283,0,No,1136,0,0,0,8957,615
CAE4RF9RY4,284497,386103,2154047,23940,8303,31512,13465,High,43337,14225,0,12221,98874,583
CAERRA1A3I,54349,76089,293485,13933,6093,18855,0,No,6326,1235,0,2520,20684,578
CAFC8DV0ZR,97870,156593,861260,5645,4635,24667,0,No,18178,2072,25186,7755,0,560
CAHCN8ZHWP,169469,550774,734365,10657,0,46199,0,No,35121,4278,64801,19951,0,636
CAJISKKBGT,70683,113093,332210,8697,0,21511,0,No,7320,2254,20218,2592,26469,591
CAKL6GOL0Y,27213,356490,24492,1645,0,6144,0,No,7540,6364,0,341,10922,615
CAL2LW3RG3,97627,48814,859118,9006,0,47086,24580,High,11363,1279,0,6268,23893,550
CAL4GSGB2J,55889,430345,5589,4507,0,10243,888,Low,13382,9080,0,496,27661,632
CAL6KK505C,45259,457116,58837,2350,0,8547,0,No,10574,5778,17802,416,12219,646
CAMAA1DYZP,197676,303103,803882,9171,0,51841,27505,High,51425,4837,0,21117,0,643
CAOV8CXXHQ,48536,281509,97072,1499,0,13272,0,No,16424,8439,0,720,15411,614
CAPI8ENH8A,345362,518043,3379612,31834,0,53478,0,No,57826,22331,0,16626,107765,560
CAPY7RIEN6,137264,846464,1967456,8245,0,12758,0,No,62159,11293,0,5867,36855,506
CAQ4MBNAJJ,191412,462579,797550,6155,7986,30430,0,No,31642,11212,0,12539,81408,617
CAQ5MEZ4HG,351377,849161,4743587,12175,42978,11618,3869,High,118953,25763,94419,8426,73691,510
CAQBAEH69B,34093,288244,58889,2007,0,9201,0,No,12496,3074,0,504,9845,619
CAR5CDVB8D,95836,139398,270084,25082,6587,20044,9989,High,8648,3392,0,2736,38406,587
CARNE55YT1,140301,739767,2270319,2620,22986,6257,2111,High,47855,4861,50610,5082,23635,483
CASB0EDEAX,57832,86748,439523,20222,4588,14054,0,No,4913,1895,0,1272,27770,537
CAVGMAGIW9,322478,996751,2755723,15134,14072,52928,21683,High,47056,9412,75975,19493,98390,562
CB0ML6DBP2,414704,452405,791708,37322,15386,58036,0,No,76098,33458,82546,24005,148050,577
CB1P9KYNCA,160629,219039,496488,20585,7291,27882,0,No,30348,9299,0,11430,67951,622
CB1TI72N5B,66682,666820,54558,3347,0,7077,677,Low,13100,15872,14623,315,24568,613
CB1TUY9VRQ,44190,253090,40173,3294,0,6045,590,Low,9390,8811,0,324,20107,613
CB28612QXA,7587,3035,0,26,0,4061,0,No,474,0,0,0,4542,691
CB3H4NFHL2,151294,272329,1149834,14951,12388,56701,23779,High,12795,1961,35532,5126,41549,523
CB4Z08TICT,283687,894706,1920345,14048,0,55643,30723,High,54129,21998,0,18935,66245,629
CB5VXZMSK0,201724,161380,322759,16879,0,22130,0,No,23737,7280,30720,9457,52812,661
CB602S9XK3,45687,18275,260416,2529,0,13808,0,No,3619,1604,12995,1664,19327,601
CB822FJJYE,28413,207415,31254,898,0,5248,0,No,6398,3432,10773,272,9116,632
CB8EOHQ9AE,73455,609676,29382,5325,0,9277,0,No,14974,12114,19305,504,32457,632
CB8XYEFHHU,163754,595468,774108,8899,0,34191,19713,High,28871,10828,0,13201,57628,621
CB9HPU1U8F,28638,9546,712768,2907,10838,5311,0,No,6523,1647,0,0,13542,433
CBCIBTTWEJ,187322,280983,974074,27370,14208,69995,0,No,17371,7923,40569,5855,66263,614
CBGF0XQ0RF,42272,295903,46115,1377,0,11216,0,No,12460,3541,0,578,15187,644
CBHHJLCYXX,77586,108620,15517,11521,9965,30449,0,No,9710,3024,0,4134,25720,667
CBHHOY8HG9,413364,1526266,2162210,43157,13038,63109,0,No,54548,20630,70493,21699,113135,738
CBJTN577H5,267668,2052124,3479689,22774,0,23476,0,No,132438,26996,0,9289,69529,489
CBK5VLKIOY,111944,89555,447776,13672,0,30845,0,No,11952,2733,28702,4141,47668,613
CBKEB9MO3L,0,9984,35277,0,0,0,943,Low,934,178,2358,0,3069,585
CBKM68YY16,0,58340,137099,0,0,0,0,No,1510,294,2295,0,11296,523
CBKP0LMEQM,8105,3684,121572,1003,0,3695,0,No,3335,513,2304,0,0,500
CBNH5GV723,3908,2442,0,155,439,5821,0,No,946,0,0,0,0,692
CBOT10T28T,239089,2021392,2325688,5592,0,16171,0,No,93909,19341,99604,10000,40763,575
CBPG6O9FF3,31453,182427,25162,3177,0,11398,0,No,14021,14071,0,591,0,608
CBS3CV5OMO,175693,223609,910410,6637,0,46753,25391,High,12997,4241,43676,5604,57030,605
CBS5XYXH6M,57696,814159,70518,2500,0,21766,0,No,16531,11584,0,656,26284,625
CBTLDH9WAR,28637,359555,50910,1455,0,8000,762,Low,8122,5281,0,384,12632,641
CBU30B9V0J,34166,454408,30749,416,0,6941,0,No,8741,5995,0,378,16978,633
CBW3N5ZEVZ,109418,415788,1509968,3654,20447,5569,0,No,43537,4578,45132,4531,16310,532
CBX5SDQKPP,64713,605949,58830,5559,0,22483,1228,Low,17346,9660,29193,684,0,616
CBZMVBD57Z,235128,1763460,2069126,11105,0,21217,0,No,143612,22749,0,9799,86153,522
CBZQ1WNXF1,13863,1540,46209,4638,0,5222,2122,High,8584,2396,0,0,0,609
CC0626P1M3,21592,11777,213956,540,8827,3312,1384,Low,3837,514,0,0,6631,550
CC0G91G0EE,306207,437438,2427781,15028,0,56698,20511,High,46731,12302,0,14556,105346,593
CC2574VB21,50580,13795,335669,2173,16651,11889,2141,High,8940,1561,0,0,16618,538
CC2U93ZVSL,10602,5301,0,91,495,6569,0,No,827,0,0,0,5250,667
CC2VJU4FQP,7710,3084,0,327,527,10488,0,No,1300,0,0,0,0,581
CC32QRSL0U,16330,195955,7258,1928,0,3406,0,No,4641,3358,0,160,8503,621
CC348SCIOZ,302627,259394,2075155,38257,8874,33517,0,No,39896,17681,47919,14751,76000,630
CC3CCMZ8GM,0,33317,31298,0,0,0,490,Low,1145,84,1561,0,7554,533
CC4YBHAPZ9,103494,630370,112902,3635,0,22090,1231,Low,18006,12619,30426,792,32136,625
CC6POPI7OO,137455,392728,756001,28411,0,48602,0,No,34583,14527,0,13385,0,567
CC70KE34ME,295173,771990,1952682,60638,0,34341,0,No,49458,20099,0,14817,107060,538
CC7BS38IQ6,6553,4368,0,199,0,7384,0,No,911,0,0,0,5263,621
CC7FM1QJ50,199262,611069,292250,11359,0,32120,0,No,23339,5372,30149,9282,52234,635
CC7ZMMSI0W,327562,701919,2175949,20485,0,46540,0,No,51173,22536,66022,19200,71060,663
CCAMIANFB2,22112,17690,555011,709,7905,2998,0,No,4218,786,2922,0,8474,389
CCBTDAR3OS,80912,89003,517837,19401,6824,25366,0,No,7808,3927,0,2841,37942,555
CCBW4IUJLN,154032,602125,1022212,7493,0,26697,15772,High,23433,13291,37649,11592,39317,567
CCC6W17COY,46817,613824,31211,1932,0,10258,915,Low,13026,7259,20864,540,11184,639
CCC7OK54HE,0,9418,38571,0,0,0,0,No,551,92,0,0,3913,499
CCCHGKDR99,232690,182828,1562346,41733,0,57703,0,No,62296,30672,0,23428,0,577
CCD4621HCU,27917,25379,210646,1908,3610,15800,0,No,3018,662,0,1328,6950,572
CCDDOFZ8GK,131155,112418,365360,32298,7578,28839,0,No,33467,20170,0,11887,0,616
CCDWNE3XJA,189867,650971,813714,5252,7844,30174,0,No,28605,2334,42335,12310,38348,622
CCDYYRCFZJ,222154,949203,727049,6229,0,41868,0,No,41669,7105,58901,16117,69801,657
CCIKGXMI5A,73051,504052,1198036,3635,16156,6219,1370,Low,29982,5306,35550,2974,0,498
CCJ3SW4XA0,67032,329065,1023758,3911,0,5631,0,No,41877,5962,0,4314,11941,528
CCJWRJY29K,98424,805284,357904,1694,17606,4750,1748,High,32655,2838,38746,3026,13308,609
CCK758M8EC,0,24301,82450,0,0,0,0,No,1002,95,1983,0,6078,588
CCKKAPSFX1,320994,770386,1562171,17537,0,58180,25238,High,43694,11751,0,23800,65680,573
CCMP23SHDX,86507,17301,614200,8816,0,32424,0,No,7708,2364,21245,3066,35206,568
CCRNT9MDG7,286547,651242,2474722,22746,55338,14893,5153,High,114774,16638,121955,12242,0,585
CCS7XPOM36,80857,229095,256048,1177,0,4154,0,No,29079,4074,34104,3422,10311,650
CCSYAAVLXB,198954,331590,636653,25728,7964,30370,17352,High,34400,13063,43269,11839,0,650
CCTW5P2FEX,313736,699872,3064954,40722,14074,82680,0,No,78639,37574,76075,20826,0,545
CCX9X4K9FI,6140,5458,139169,326,0,2245,0,No,1494,236,0,0,3730,415
CCZ1VBONPA,333287,1424044,1666434,11095,54050,14626,0,No,103601,12855,119756,12023,61718,688
CD1XWSHRUA,201935,471181,1615478,9210,0,31259,0,No,25983,11180,44299,12126,64867,622
CD4A1TDEMR,140588,766842,2172719,2414,29595,7940,2560,High,50024,7488,65199,6546,0,521
CD650D5N6I,252977,433675,668583,26906,9415,36409,0,No,39516,5936,50897,15669,47424,663
CD708YHATZ,53054,299032,0,2303,0,11674,674,Low,9321,7389,15624,414,14941,604
CD727OEO8V,146589,493073,1372609,14138,6018,23327,13912,High,24988,14443,0,8868,55867,546
CD7M3CYLFD,191015,1007170,191015,16040,39773,10697,0,No,82843,11613,0,8301,45073,686
CD7ZEB9UCC,126980,230872,126980,27944,11538,47471,0,No,13609,4325,0,4788,42620,653
CD8Z45PKK2,290284,532187,798280,26197,0,36904,0,No,130128,41431,0,10113,71666,617
CDA93QRXP9,134784,362880,1099008,17916,4910,18781,10033,High,20516,3964,0,7246,41213,558
CDEACWQN6G,314430,445442,707468,65018,0,56507,30692,High,79311,57976,79762,23197,0,691
CDEMIM3HOI,84224,33690,732749,19121,7938,24866,0,No,9703,6099,0,3111,37276,561
CDF36EPF0M,159156,891274,1352826,12509,0,10970,3390,High,91850,17020,0,8969,52953,533
CDFPJ3XTIU,137509,206264,206264,26526,9681,29909,0,No,11449,4009,27905,4027,61274,639
CDGM1ECKUD,46475,655298,83655,2746,0,7820,0,No,9638,9258,16243,432,13968,650
CDGYHWOVMW,81832,1170198,73649,3267,0,13065,0,No,18988,12229,26936,663,28870,657
CDJZCS3I8N,45134,631876,81241,2752,0,13060,958,Low,13368,11507,22551,594,0,642
CDLUX5C0RW,123479,455923,522412,12345,4424,22574,0,No,18515,8500,0,6560,41620,609
CDLW43Y1JT,39567,9892,588562,1299,14466,5459,1756,High,8911,1335,5348,0,23058,483
CDMTLQ9CDD,41256,602338,16502,1124,0,8708,0,No,8109,5271,18156,472,8568,652
CDORBN054Q,103175,120371,1117727,5684,4434,23793,8587,High,14093,7008,0,7371,32316,533
CDPPRMESBY,0,43632,114534,0,0,0,0,No,1372,80,0,0,16755,480
CDSKQ0DQXO,185668,962097,1654132,7403,29780,10619,2436,High,62119,8909,65631,5857,30678,549
CDTFA6DWV8,186882,311470,3052406,17560,0,11154,3628,High,84404,27532,0,8954,39978,512
CDTJZ89PGS,64872,84334,382745,10821,0,32208,0,No,9455,1315,30435,4390,0,609
CDV5H4ZHT0,279622,1016808,2287818,5761,10767,41603,0,No,46182,6576,58491,17010,115453,566
CDX7CCDIMA,137008,871871,1955482,8471,0,15224,3869,High,82316,3254,0,9380,27078,512
CDXFJE9QT5,26496,214618,15898,1651,0,7392,551,Low,7315,4935,0,342,9554,629
CDYSROOJHI,12570,116555,15998,1832,0,4895,350,Low,5969,1290,0,270,0,600
CDZ7ELHZOT,34524,375928,76720,1122,0,9646,0,No,11768,9352,0,464,13313,615
CDZMSZ6XNS,14680,18350,506460,536,9620,3586,0,No,4336,450,0,0,4902,330
CE0GO2X0B6,313837,337978,2993521,38022,0,34421,0,No,44176,25233,48870,10868,102172,494
CE40BFGXJQ,36708,387104,36708,2916,0,5282,0,No,8329,5169,11063,288,10627,588
CE4UAX5WBQ,34573,428705,38030,1215,0,10736,679,Low,10165,4359,19671,522,0,602
CE53J5XP5E,53869,244860,19589,1343,0,11047,0,No,11695,2964,22823,594,10874,677
CE6RSMXZNS,49678,94388,64581,3069,0,28144,0,No,5320,1625,0,2343,21851,618
CE8ZN4IWFL,379090,783454,833999,20634,0,48784,27781,High,53606,14415,0,18983,110808,557
CE91QIR5BZ,224755,1086317,2846899,9391,44430,12139,3955,High,93004,21026,0,9309,45943,503
CE99BCSEAN,86634,196895,212647,3063,0,4943,1254,Low,32909,2978,39351,3952,12023,635
CEAWO3QWJ6,127823,660418,1661696,4868,29915,8017,0,No,52229,5796,0,5137,21383,561
CEBBO3BNCW,122999,209098,725694,34870,11157,50275,0,No,14274,5033,0,4605,45711,573
CECYWGDGL5,273344,925166,2922684,26700,0,36308,18021,High,40246,12278,52030,15130,65157,506
CED1GNF9J1,195779,307652,1468341,13383,0,33704,17021,High,32793,9409,0,14729,43929,575
CEDHJ1LF3F,299319,680270,2013599,25876,57556,15462,0,No,129414,35636,0,10578,75881,624
CEDJ113119,455062,606749,5157365,28857,13349,80839,30276,High,67214,19525,71756,22094,150091,575
CEDS5SF8I0,155710,506056,1388411,5026,37147,10044,0,No,68777,4907,0,5968,25620,590
CEDVT2YHOH,132328,767502,1667333,3146,31259,8569,0,No,53535,8536,0,6951,45115,526
CEE4ED9WMG,53570,487487,74998,2106,0,9083,0,No,11080,7592,18668,486,17568,613
CEEX4HA9H3,84308,153288,950386,12457,4810,18400,10399,High,20194,6387,26068,8025,0,520
CEHKIIAT0A,16090,8939,144812,791,0,3335,0,No,5043,731,0,0,10624,570
CEI6HZWELK,22149,9844,620172,2323,9065,3434,1435,Low,5960,940,0,0,8733,396
CEIHWJOBMG,43996,70394,233179,5740,0,12720,0,No,3330,558,11964,1728,18443,609
CEMFP8SF0E,133987,368465,1976311,4820,19273,7227,0,No,40257,9919,42716,4290,19803,505
CEN96N2N4D,6529,0,0,146,603,7837,0,No,1258,0,0,0,0,656
CENH4GJ5KG,185973,1078643,111584,23736,36238,9664,0,No,88818,22352,79877,8019,0,676
CEP8BVI48R,340500,425625,766125,37656,13393,69134,0,No,67389,31450,0,22241,112817,710
CEQCLDO7RI,145097,184668,527624,17368,13029,39417,16940,High,15981,6137,0,5379,52739,602
CERO10OH4G,8104,4502,68430,189,3742,1418,0,No,1569,210,0,0,3915,565
CET59IL8T5,60497,497421,100828,2595,0,12213,0,No,17909,9257,25449,629,17111,652
CEW0TL2RDU,257658,772974,2104207,16362,14331,55013,31292,High,59240,19021,77009,21076,0,578
CEX92MV99H,39344,34972,957358,878,16805,6356,2594,High,6872,806,0,0,19119,371
CEXGGNP5IY,75182,164033,211876,16146,4009,15369,8590,High,17800,5852,21616,6655,0,598
CEZ7XFOOGP,195367,1758303,976835,11960,0,20546,0,No,102404,14656,108398,10277,0,615
CF2Q8Z3ZYI,58297,725469,51819,2911,0,11769,0,No,14593,10021,24555,648,18553,639
CF6V6ZT87Y,24650,290870,27115,394,0,8096,501,Low,7397,3973,0,306,9770,601
CF8OPRTY0M,133592,85013,680103,12740,0,37999,12562,High,10491,892,35894,5179,35515,610
CFCUBLHAX7,42881,576948,31186,2781,0,10733,0,No,11790,4617,22113,480,0,662
CFIOZ2UIHM,18253,0,56787,2638,0,8921,2350,High,7258,1701,6030,0,0,575
CFJ7THO06G,42440,360740,33952,1237,0,13315,0,No,8270,3829,13933,360,14153,603
CFJMD4DCSV,213426,533565,1191628,12410,0,38842,16156,High,40295,7900,54834,15004,34526,600
CFKMB98G8L,147249,187408,1392175,11459,0,22939,13711,High,32203,5770,0,9386,63904,543
CFLL3R65IC,354051,789806,3949032,20887,13252,83055,20987,High,54431,19063,0,21789,100652,568
CFMQBIS0YN,228424,335023,1020296,3320,11627,44692,0,No,31389,7531,0,19415,53403,625
CFSYXY6QBM,10144,118685,10144,450,0,3474,0,No,3513,1570,0,180,2421,693
CFYAW63G3Z,110805,132966,520784,19307,8269,24969,15146,High,8639,2956,23777,3433,38592,586
CG1T7KU7YK,10604,5302,0,382,0,9130,0,No,1671,0,0,0,10332,660
CG2A8DOX03,307348,351254,1866039,19311,12596,48280,0,No,45198,6711,68137,19814,51603,613
CG42P48B8O,178180,761315,1279658,14270,35439,9525,0,No,73650,13608,0,7848,48346,598
CG4WDWXWMC,58383,164532,488290,1461,0,16689,0,No,12457,4953,0,6786,17397,584
CG69S4ID82,111776,1017162,346506,12346,21751,5961,2101,High,53308,13152,48180,4837,0,595
CG6QZT0A1D,156524,421410,686297,8645,4670,26643,8538,High,19430,8188,25182,7754,43745,584
CGAOO1FGKE,110972,796984,776807,7172,14639,5711,1301,Low,36652,9563,32253,3059,24316,558
CGCO7EOCZQ,39293,13098,619958,976,15183,5819,0,No,6053,1140,5641,0,18953,519
CGDI5SS4I4,149701,81655,149701,15067,0,43618,20544,High,15030,4008,0,5975,61494,617
CGE3FIHGEM,0,33000,41250,0,0,0,318,Low,713,263,0,0,6467,586
CGJ1980SPD,90183,108220,613244,13955,6529,20143,11297,High,6835,2082,18811,2716,33537,560
CGM6V245ZD,8086,2021,0,39,544,7123,0,No,1051,0,0,0,4291,701
CGMCLS6F40,124468,382296,204484,7301,0,15098,0,No,16586,8010,21465,5142,34193,653
CGNMILAWXX,134940,202410,418314,18511,9573,46376,17571,High,10020,3443,27503,3970,45106,574
CGNXI4WMMU,13100,8734,187772,627,7828,4329,1278,Low,3525,645,2904,0,0,453
CGOMJ6EM53,4739,1896,0,164,0,5365,0,No,856,0,0,0,5261,597
CGPEJO0N4Z,49580,39664,307396,4124,4837,14781,7738,High,4563,927,13953,1792,11600,583
CGROG8D9CM,265098,1082484,2452156,15055,15027,57356,0,No,46364,8063,0,24886,81529,622
CGWPML55V1,284875,932317,1502067,42599,11186,42625,24284,High,57359,31867,0,18528,101599,648
CGXSA76P1Q,161166,483498,389484,5429,0,37585,20780,High,34926,10289,52693,15325,0,628
CGXVYC3LBR,158440,464759,1499903,9954,0,21162,11143,High,23160,6286,0,9229,43541,557
CGZ4LFGPMX,284518,812908,1930656,33336,13997,53261,0,No,58688,20037,76141,22141,0,573
CGZ98L6IO1,285997,967991,1583986,36072,7425,43534,15046,High,34480,16920,39990,12311,78013,615
CH0FI72Y0D,136742,252446,578523,10946,0,21295,0,No,23601,10921,0,7878,48620,613
CH14JY8U3M,112342,806819,837458,2421,0,6271,0,No,42255,5650,50711,5090,17035,596
CH16Z9GB82,36886,194491,26826,867,0,10887,0,No,8405,3118,0,334,16054,593
CH1N08U3DP,250333,1355972,2211277,6728,53787,14564,0,No,112234,16195,0,10564,48684,548
CH35QMTKX3,229993,477679,566138,13240,0,46937,0,No,30718,18623,41879,12893,61255,621
CH4I0R4LMU,158349,906910,187140,9814,36300,10082,3212,High,75526,10827,0,7586,29228,635
CH5S6O1SML,29709,202021,41593,1909,0,7674,525,Low,9421,5126,15959,414,0,642
CH6F1OYI7N,0,61978,15494,0,0,0,1196,Low,2099,442,2437,0,17561,593
CH8PY0Z961,425002,920837,3577097,36773,14828,93715,0,No,73300,35043,0,24717,161114,475
CH909NY55N,282058,1435930,2564160,28715,47492,21638,4617,High,99865,15638,0,9920,90994,557
CHBLMUV9IT,13222,134624,3606,1840,0,6012,311,Low,5309,3866,0,187,0,600
CHC8M8R4KU,69159,89907,179813,14745,8440,40588,0,No,8724,2688,24086,3474,0,616
CHGW95IIEI,316721,818195,2560160,14968,0,51967,27727,High,53022,6636,73103,20009,77557,565
CHLGFVWBRH,133311,246113,892159,4897,4949,28316,0,No,16179,3295,26640,6836,34910,585
CHMZ8OL4RY,11128,3709,0,175,378,5037,0,No,977,0,0,0,8050,620
CHNCJ0SF66,177908,578202,578202,8067,7948,30868,16416,High,26000,6099,0,12442,63180,636
CHO8AL3EAH,350734,1052201,2555345,16726,0,87863,0,No,49851,11095,0,24408,104306,633
CHOBAYPI3R,483918,1064620,4645613,28054,13025,73904,0,No,54017,16299,70127,21591,124438,496
CHOBELVKRV,134333,232030,97697,9642,13879,41941,0,No,14412,3852,0,5731,59613,643
CHPIG8PUIT,42927,17171,21464,17190,7281,22122,0,No,8411,4971,0,2855,0,644
CHPTCODSM3,9289,4128,15482,569,0,3303,0,No,3173,215,0,0,5066,648
CHQQBK8JID,55360,110720,437344,5031,5701,17529,9004,High,5926,1144,0,2362,22323,575
CHSE2K511A,219244,597939,478351,18404,0,69086,0,No,44641,22740,0,18217,64952,682
CHSS7U4GB8,188749,283124,1453367,28776,12865,39916,19346,High,15873,4296,36846,5318,75582,545
CHX3JEXKX0,207525,490513,2829885,74075,0,55216,0,No,80308,40791,0,24549,0,526
CHY78DPYT5,45113,31579,428574,7063,3385,10259,0,No,3862,628,9701,1404,20012,527
CHZ0SDZOHH,80105,240314,193587,5882,0,39677,0,No,22619,9113,0,9043,0,629
CI0VKO9IEO,15887,3530,208294,1225,5613,3092,0,No,2966,774,0,0,8280,482
CI18WQZN7Q,367410,1023500,3726591,11339,0,50433,25448,High,43676,20573,70457,21690,78534,502
CI24U21I67,64291,701352,70135,3397,0,13609,0,No,16589,11427,0,738,24157,624
CI4XX96OTO,95536,156952,156952,6069,0,17549,9188,High,18852,10922,24486,6701,0,627
CI6NS3QQMR,171756,31228,655796,13880,0,41536,24414,High,14109,2666,38800,5600,58162,582
CI6SXEJ4L7,262560,989648,2181265,12305,0,52830,0,No,54870,6611,0,20697,82483,604
CI7FMT1M45,93716,144833,707127,16340,12056,36639,0,No,12576,2893,34631,4721,0,579
CI7ML66Q6P,0,2214,35424,0,0,0,0,No,1992,299,2481,0,0,496
CIADSHZX6W,58474,93558,268980,9708,12511,37997,0,No,7849,3091,0,4326,0,621
CIAGYWUS55,124143,462714,1602569,7858,6673,25420,0,No,27679,9598,0,11052,46062,538
CICH9C8HAT,158905,1184564,1242347,5024,0,10455,3683,High,75172,6006,85385,8097,0,552
CIDJH42XIG,0,28347,91655,0,0,0,0,No,943,141,1277,0,7603,659
CIED7QUXP2,275271,880867,2183817,12863,8498,31672,0,No,38172,12640,46079,13400,62800,573
CIFJ0W9BSH,76170,662679,45702,4443,0,12538,998,Low,16264,22072,0,684,36680,587
CIGE92QM2J,0,33705,13642,0,0,0,0,No,850,123,0,0,7122,408
CIIE1LHOTT,24927,22434,37390,1449,15795,5988,2685,High,8486,1283,0,0,0,634
CIIJB6UDS9,37188,542945,59501,3691,0,15349,674,Low,9683,14007,14540,378,0,594
CILOMWL52C,172130,156482,250371,25300,11219,34047,21499,High,11825,4078,32389,4675,58174,605
CINLPEOF3O,33449,321110,60208,2867,0,11909,0,No,14582,15719,0,648,0,655
CIQGZXKWFQ,51363,56499,364677,16602,6541,28353,11840,High,8450,4325,0,2712,0,499
CIUSTJQBD7,34436,438270,59480,3740,0,15444,827,Low,12469,11391,0,527,0,596
CIZK4ORQTE,34923,22224,269858,6277,3813,11688,0,No,3122,923,0,1584,12232,593
CJ1OT9G7M3,261190,478848,2851320,15411,47325,12754,0,No,121209,13097,0,8732,56951,578
CJ2N9NRKO8,0,60809,109098,0,0,0,0,No,1973,304,2223,0,14485,513
CJ33RKV369,173958,243541,1374268,15280,0,74218,27637,High,15532,6943,42671,5474,50305,543
CJ3EFZW6WB,180241,615824,1772372,20005,9678,36641,15385,High,42609,17297,52185,16067,0,530
CJ5YP2EX2I,11717,1674,0,386,0,7676,0,No,1203,0,0,0,10626,606
CJ6RURWJL3,0,4912,25545,0,0,0,0,No,1561,173,0,0,8134,534
CJ7FWU4UGQ,3251,406,0,184,360,4853,0,No,733,0,0,0,0,614
CJ9S2V4BH0,60206,645849,71153,1433,0,17635,1123,Low,14558,8865,0,612,23097,585
CJ9VXMA5WA,18575,13509,55724,674,6260,2383,990,Low,3385,403,0,0,7002,634
CJ9YORQ5NX,143441,194670,1495887,8045,0,23456,0,No,20682,10517,0,10310,43575,562
CJAZHILERB,128388,151731,735311,14531,9368,28090,14330,High,9701,6424,26753,3218,39285,570
CJC9TW6SJX,239255,625743,772976,8069,10323,39490,0,No,38723,6496,55719,17154,51396,697
CJCHGTD7OH,58260,267025,233040,5728,0,4841,0,No,31977,4455,0,3703,7864,606
CJEDX2TIOL,155917,389793,441765,17067,11077,42684,25185,High,46528,13555,0,17423,0,620
CJGRQ0XZ01,418922,1256767,2481310,31813,0,47758,0,No,62417,19096,68545,21105,142984,684
CJINYBGK7V,144582,52575,552040,10083,0,47361,29231,High,11878,1396,0,6379,53021,614
CJITH187VQ,0,15813,14759,0,0,0,0,No,1253,177,2704,0,0,551
CJJ3IQPGIP,58387,834934,87580,1191,0,13556,0,No,16764,14419,0,738,23997,613
CJJALTSX5D,136192,442623,919293,10408,7184,42620,0,No,24437,4627,0,11255,40268,566
CJLO19B9Z7,54772,54772,248965,5593,0,26620,0,No,7522,998,25182,3230,0,621
CJM3WVGMM1,25397,12698,690798,1791,0,5039,0,No,7234,741,0,0,14568,361
CJOK6B52H8,12590,3777,0,84,457,5998,0,No,962,0,0,0,7608,677
CJPLXF4JCQ,17371,129317,25091,857,0,4739,318,Low,3361,2692,7032,180,5657,643
CJQHITUFWT,9164,4582,0,136,416,5489,0,No,900,0,0,0,6840,626
CJQMP6INWD,25364,138348,29975,2723,0,8997,876,Low,11129,5056,0,486,0,653
CJTRJ15N24,187642,187642,1228205,28460,0,63096,24193,High,15796,6849,0,6268,71023,577
CJVJ7E10NY,135092,364748,1486012,9055,0,7067,2218,High,60072,12949,57093,5416,26251,500
CJYXE2LZNC,43256,259536,82186,1862,0,13893,773,Low,9414,5428,0,442,19451,612
CK05YFHW8Z,22198,4440,486136,1268,7321,3938,0,No,3924,398,2712,0,8851,455
CK31F2O3ZA,20941,262711,24748,679,0,9124,0,No,9105,4446,0,476,0,595
CK62CGZB4T,6456,2582,0,159,342,4564,0,No,819,0,0,0,9017,664
CK6QWP3E8S,164651,444558,3095439,6106,39643,10802,0,No,82830,9960,0,7361,45237,467
CK782P98C0,26607,16932,616794,1009,0,6519,0,No,5914,916,0,0,14095,386
CKA95CTVN4,0,5506,3028,0,0,0,0,No,1562,260,1789,0,0,546
CKAGQBH967,98961,228372,1004837,15740,5174,19195,0,No,21613,8286,27875,8583,0,550
CKB6A3GV8U,51157,35810,342752,9199,5558,26963,0,No,5070,1019,0,1920,17282,559
CKBIXB515S,74780,184074,477441,5688,0,15505,0,No,11309,3361,0,6735,22092,608
CKCN5Z53SR,4436,2661,0,130,0,4010,0,No,618,0,0,0,5739,635
CKCZYPG3Q0,124492,572663,1904728,6116,35266,13560,0,No,68551,4811,0,7802,19949,515
CKDXB8T6ZL,57860,583860,15780,1580,0,19571,0,No,15706,7237,0,623,20139,632
CKF1UHAMI5,111294,131529,182117,19086,10642,32780,16591,High,11181,4701,0,4197,31916,616
CKG1W58YOI,58193,17458,314242,8371,0,30011,0,No,7203,2496,28596,4128,0,606
CKGIX1C4MF,16179,249880,32359,747,0,3580,0,No,5074,1379,0,187,9691,619
CKIZEC0DO7,62754,43928,50203,2278,15123,46438,0,No,14380,2704,0,4882,0,650
CKJU4TDRD5,18029,1639,0,161,0,12554,0,No,1190,0,0,0,7651,633
CKLOP4RU0U,196038,686133,1993053,12938,10226,39247,0,No,44045,7401,0,17007,59527,587
CKM70R8TW4,202442,513892,482748,5596,0,35887,0,No,28842,6556,50708,14745,45183,688
CKO82BQUEH,230050,552121,1257609,9010,10690,41410,0,No,42934,6788,0,14856,54575,648
CKOPYSEXUL,14750,14750,388419,623,0,2876,0,No,4129,705,2851,0,8376,423
CKPNHL7K1L,251295,1325010,3655200,11779,0,18785,4251,High,98597,19328,104095,9287,36475,453
CKPW67OT19,42123,214827,25274,2118,0,7459,0,No,7748,5003,15355,352,13801,655
CKQILDGGEN,110013,418049,1617191,8939,25102,6792,0,No,51025,12656,0,5576,31082,518
CKQZKG8604,15187,3037,0,154,0,13200,0,No,1167,0,0,0,6283,659
CKRZT7OY7C,46106,466184,81966,3144,0,11126,876,Low,13806,9462,0,578,22017,605
CKSKBKH1OK,134780,183790,428844,43297,13676,42125,0,No,16146,7861,0,4091,37851,618
CKTWIYZKRV,19290,196403,17536,1289,0,5007,0,No,6918,1544,0,255,6187,637
CKUYDI2SBV,15973,137368,4792,822,0,3756,0,No,4629,4222,0,198,5885,655
CKWGMZ21VX,115261,316968,336178,2690,0,57109,11687,High,18929,4017,0,9136,23572,577
CKX2EB4XMH,10488,3933,0,190,494,9393,0,No,1039,0,0,0,6245,629
CKYSMYNL39,82477,296917,173202,6917,0,6393,1852,High,42318,8633,44537,4224,0,585
CKYVEXXFZJ,177306,546694,1654856,9133,9523,49695,0,No,30723,11129,0,14982,50877,593
CKZK5E96P5,128862,115976,103090,5904,15383,46673,0,No,11771,3624,0,6358,61942,655
CL2GHBP14Y,42852,257112,146411,1557,0,4344,1517,Low,30262,4540,0,3505,0,639
CL2REPLBNQ,44600,28382,198670,4007,0,12034,0,No,4624,2990,0,1689,22860,590
CL3WIYY3ZF,59164,65080,378650,8078,5314,16115,0,No,4446,1856,15270,2204,20444,614
CL83PMM03W,0,7824,17408,0,0,0,685,Low,1415,330,0,0,0,594
CLANBXPKJI,146815,573912,787461,5171,0,40552,13125,High,24079,5419,35390,10899,35196,571
CLB16I4RFK,117027,128730,315973,12335,9801,37164,0,No,12058,4002,28194,4067,43337,621
CLFXZLNICO,237213,927286,2609341,4616,0,82855,22048,High,49872,10177,0,21820,71332,505
CLH4I0L1VA,0,31094,758,0,0,0,0,No,892,142,1456,0,5562,621
CLLK33CA4M,249476,409853,1283018,27754,0,59211,33534,High,64009,28325,0,24108,0,606
CLMJRXIWJ7,23663,137245,42593,694,0,7076,0,No,7747,2325,0,396,8410,643
CLMPW4HFGQ,316549,2479635,2822564,18867,0,13972,4207,High,106207,17461,112113,11254,58355,505
CLNXXL0ERO,36201,321784,64357,1214,0,6760,0,No,8438,6620,14246,357,13617,620
CLP47OTKST,90599,951290,90599,6368,0,21091,1001,Low,17029,12937,28567,756,28834,617
CLPXL4SYZP,208362,1312681,2229473,14437,0,19543,0,No,118541,24019,0,12557,63815,565
CLT8VCLNNT,255662,790228,1882602,24060,11743,55995,21468,High,49031,1867,0,17281,98441,557
CLU3OR6NCG,144719,684128,1078817,4682,0,11470,3742,High,65215,16110,0,9241,38361,570
CLU51916AR,81816,275199,855347,4562,15870,4224,1157,Low,33053,5449,35012,3514,0,532
CLVKERDC1D,311658,779145,4581373,14411,53467,21985,2853,High,111626,11720,117878,10522,66848,477
CLVWVTNJDU,318996,1797975,3450952,13918,44491,16695,0,No,106116,42004,97800,9275,63959,562
CLX47TVHR4,9089,5050,36356,537,3378,1264,434,Low,2291,430,1247,0,3630,559
CLX6U5VVST,0,59602,99336,0,0,0,0,No,1714,278,2044,0,13475,575
CLYL3W5XMK,95443,242945,78089,7364,0,5294,0,No,44613,10596,0,4344,32340,609
CLYW8W50MT,165547,707336,391292,17194,7895,29940,14875,High,32845,16381,0,13031,53142,596
CM2CBROFA6,0,6300,10192,0,0,0,0,No,1891,166,0,0,0,677
CM36GWOUJY,5461,3823,26759,340,0,1430,505,Low,1943,196,0,0,2255,632
CM5A5ZN8NB,208803,656238,1894142,15719,0,36905,0,No,28344,8445,0,15938,60447,624
CM5HZZUZ4B,172700,316617,446143,29229,13546,51678,0,No,56157,27978,0,18663,0,643
CM7OYI7QI7,4134,591,0,65,203,2569,0,No,376,0,0,0,3779,678
CM81JTV6BK,16112,152329,5859,370,0,4682,282,Low,3676,2301,0,144,6289,607
CM8AUQN1H0,403087,503859,2015436,46278,14259,55138,0,No,59389,13416,76631,23593,121191,614
CMADHI95FD,185860,1412536,1040816,11720,0,8958,2332,High,81004,19694,72477,7275,41869,551
CMAF6UCLON,17013,17013,234397,1599,0,6288,2345,High,7664,1955,6194,0,0,464
CMAKBA5TUB,114715,57358,504746,21229,0,42542,0,No,11927,9460,0,3975,56974,570
CMET6VL5JM,59514,136882,482063,1158,16380,4445,1460,Low,27771,4808,0,3634,13032,561
CMFGUDSB22,73060,862108,29224,6117,0,12069,898,Low,14979,9274,25325,592,22988,655
CMG8AXG0VO,99921,228390,656622,3979,0,18957,0,No,20025,3096,0,8267,27504,621
CMG9U619AE,76768,179126,588558,3598,4806,18523,10238,High,18260,1591,0,7965,0,564
CMHKDEKDOE,0,1903,27190,0,0,0,0,No,1388,155,1902,0,0,672
CMI1TMONJ8,233016,332880,665760,16219,7708,29527,11038,High,30243,14296,0,12803,76671,633
CMIN2KGQT6,398023,995058,2089622,35432,0,63882,0,No,58326,25113,75712,20718,131146,657
CMJC3VSYR4,77055,107877,130994,9889,0,36357,9816,High,5904,859,16258,2344,24246,575
CMJUXIGQPB,263334,614446,719780,19651,7098,26796,0,No,35736,15347,38236,10464,68123,647
CMLWZJEE17,127988,477047,1733660,15507,0,22933,0,No,25274,11639,0,10053,52198,522
CMM616MIDG,50906,86540,330889,4020,7663,23507,0,No,8745,1949,21988,3172,0,600
CMNPT8ZFCY,12004,106836,4802,343,0,4764,0,No,2525,792,7313,198,0,599
CMNWAG4FXG,33308,233156,105980,2649,0,3923,0,No,22465,3826,0,3240,0,663
CMOMYAX3PK,48768,764037,10837,1406,0,17580,0,No,14406,13136,0,630,20264,655
CMP8R1EMLD,11645,3494,22126,365,0,4942,0,No,4757,374,4857,0,0,610
CMQDPAG2Y2,131299,131299,1432356,12987,0,27752,0,No,25017,16382,0,9991,51450,536
CMRX5JMLAR,188257,363066,430301,15566,10529,39719,0,No,33258,9055,56592,15491,0,637
CMTSZKRZ5H,288302,967871,2924206,16754,9983,37649,21744,High,48521,5661,53588,16496,52492,528
CMTZJ1U876,202452,364414,1376674,10677,5778,34644,11465,High,28201,9631,0,9606,58947,527
CMUT3XJO72,80891,889801,64713,1686,0,14669,0,No,19785,25413,0,792,37065,607
CMVAFHRP07,21411,267638,38540,901,0,6253,292,Low,5362,4485,0,234,8491,643
CMWUMRVXWL,19722,1793,0,413,735,9858,0,No,1540,0,0,0,9622,615
CMX6Q26CRJ,111234,141571,171907,5753,9715,29605,16520,High,8801,1660,27941,4031,26488,626
CN1V5NORB2,473959,1218751,1354168,24733,0,76614,0,No,62821,11997,81196,24997,131793,800
CN37BF76H2,178893,1556369,2969624,6354,32857,8884,2891,High,78647,7786,72477,6465,23759,488
CN383X0BHI,9805,8170,0,69,0,13807,0,No,1167,0,0,0,7181,664
CN3GK0NCOJ,402919,374139,2129713,42750,0,68579,24803,High,60147,25334,0,22558,111178,563
CN42FLFVYE,11706,11706,30727,2695,0,5061,0,No,7178,1112,4969,0,0,663
CN4LHRE7KA,230630,514483,1383782,13918,0,45883,0,No,31810,14673,41201,11981,65110,627
CN7OAFZIEV,63931,671276,63931,2766,0,14395,1083,Low,13761,7369,23173,476,19058,616
CN8RFJNEZQ,275408,1904908,4452436,7571,44375,17036,3326,High,76988,4750,97827,7636,37626,557
CN92BGL65R,31687,389750,63374,1186,0,8898,0,No,10466,4068,0,432,10991,644
CN95813JLH,91298,100428,666475,21458,7674,23352,0,No,9219,3907,21897,2635,29724,588
CN9VBUS6UE,25842,146436,45941,249,0,6842,0,No,7190,1330,13915,360,6532,605
CN9VMW5PCQ,181639,544916,1634749,14495,9098,34639,0,No,36398,4747,0,15141,41043,616
CNBAQ6EGV0,20846,268679,23162,1835,0,11377,815,Low,10769,7431,0,416,0,584
CNCDAZBA8R,21596,2160,60469,374,0,5031,0,No,5644,464,4882,0,9295,624
CNCTUZC0Z3,42650,263656,42650,1641,0,14185,1238,Low,20829,15085,0,774,0,614
CNDML2DDXO,130724,163406,1329031,16586,0,55193,0,No,42144,14514,0,16762,0,551
CNDS1NDKU3,15619,123531,5680,319,0,4096,0,No,2990,664,6833,180,3013,625
CNF3DAQ3P5,128017,256034,1075343,13172,0,44630,0,No,15298,2965,0,6128,69881,575
CNJQ9PNST7,140740,76767,933998,26686,10546,32042,0,No,11715,5924,0,4368,66238,578
CNLODW1Q8Y,53192,67698,130561,4976,5927,18149,9610,High,5842,1502,0,2331,12821,645
CNMOAEYHTH,71729,78902,236706,16236,0,26257,0,No,8969,3544,0,3563,28795,635
CNO7WCHLI1,117996,372141,190609,8411,4323,16534,0,No,19127,7806,0,6365,44139,639
CNOUG19DGU,33049,409808,3305,1303,0,5455,524,Low,6674,5148,11310,278,10788,686
CNSBXQTGXV,78255,46953,735597,9329,6184,18770,12248,High,6445,2950,17737,2556,26681,495
CNTFX38XSI,105534,1034233,1245301,8788,0,7546,2321,High,57140,7132,0,6073,37503,516
CNVJUAYKU1,45835,9167,242926,9587,4861,14719,0,No,5954,1862,0,2016,18994,562
CNX3I9QOCZ,502583,963284,1088929,47231,0,46164,23506,High,65298,37650,64775,17726,216557,603
CNYSJ7QHOL,202932,930105,2942514,9038,29736,11210,0,No,62280,6347,65520,4750,33561,513
CNZDY0X0HY,168125,252187,1162863,29236,11583,43827,24717,High,48357,14777,0,19211,0,575
CO8XLXXSDY,108880,108880,642392,18638,11494,35627,0,No,11958,6418,0,4232,48656,596
COBPI8XRHG,16092,16092,395148,518,7165,2725,1130,Low,3221,346,0,0,7111,382
COC0XHDXWY,73423,241247,624096,14084,0,19476,0,No,26055,6405,0,6148,0,564
CODTL2XF09,26956,12252,502352,1963,0,5427,1727,High,7721,1671,0,0,11329,420
COENCZOXOC,309710,1032368,1471124,13195,14448,55050,0,No,49910,10433,78076,24038,70463,630
COFQTJ8DRA,180463,257804,837863,8846,4518,17621,0,No,19456,10452,24337,7491,60886,604
COGYOWJX8T,18523,244914,41162,1179,0,3754,0,No,4636,2832,6446,162,7608,591
COHOIPUQJY,17875,11917,232374,1608,0,2471,1117,Low,4867,1327,0,0,12384,512
COI3MBCR09,0,11929,22081,0,0,0,268,Low,282,31,0,0,1998,623
COJ8Y0F6NT,132718,627396,1278922,13978,0,14742,2757,High,70692,4352,0,6655,35027,512
COKORHC6JP,56326,757834,5120,1619,0,20752,0,No,13034,8664,26156,570,0,645
COLA3DY6P5,202192,974198,330860,14443,57411,17776,4917,High,119484,18566,0,10605,0,631
COOEL3G0BF,16619,3693,0,564,547,7102,0,No,1130,0,0,0,12327,607
COP6FKAJW1,89235,1106514,160623,3248,0,13191,0,No,16441,19017,27804,733,31555,631
COPF3LLVUR,81756,133783,282431,8340,5048,19134,10321,High,16699,4995,27092,7413,0,615
COPLX2HI73,343136,1185380,1310156,33791,0,13203,3990,High,117763,25783,108028,9037,95868,650
COPPUFO3OX,6736,1123,0,248,378,5235,0,No,812,0,0,0,6820,658
COQCX0L0TE,21958,251521,9981,2330,0,9466,0,No,9678,3628,0,464,0,611
CORT1EH7VB,0,27524,100088,0,0,0,1229,Low,1937,381,0,0,22170,487
COSIAE9IJG,16383,14335,163832,1776,0,5021,1605,High,6550,1154,0,0,9864,462
COTTPMD2Q8,134648,220333,514109,11280,10445,39198,19000,High,9792,1183,30170,4353,35149,595
COWTHKY7RR,69502,158861,253184,8317,0,25462,0,No,16021,6493,0,7877,0,621
COXO9A2HKZ,113117,863806,1090040,4527,33692,9152,2594,High,42234,4615,0,7030,16498,559
COYD0IIM8X,41076,362217,18671,3592,0,7538,0,No,11516,5064,0,391,17235,640
COYUKTYDR8,21507,341727,28676,475,0,11785,751,Low,11356,10040,0,408,0,584
CP0DZR7AQR,33183,302334,47931,2354,0,11750,0,No,15870,21324,0,560,0,601
CP1WW2DP6N,55030,330178,18343,1239,0,22218,0,No,13335,7961,0,602,27325,630
CP2A5SN65K,208733,1878594,891858,15216,0,14637,5422,High,112319,25436,0,11288,49669,622
CP3N4570XO,91743,394495,1266053,7438,0,7416,2638,High,57576,7268,0,5434,22084,496
CP4CYT1OIW,11170,1396,26528,667,0,3796,1082,Low,2668,651,2407,0,5986,587
CP5Q08R3OL,19062,146142,36006,1362,0,3812,0,No,4635,2107,7816,198,6479,650
CP77USMDIS,22986,360114,48526,2468,0,4820,0,No,5812,3569,0,198,14025,554
CP7STXWR18,181078,739400,1750417,15895,0,31710,0,No,34455,9103,0,12223,70120,559
CP8C8X4J6U,236207,269950,1889653,1752,0,32322,15070,High,24011,6753,45829,12541,61686,603
CPC8EM86RB,25569,176426,28126,1259,0,6149,0,No,4953,4570,8356,192,7737,600
CPDH0YRF5Q,81200,121800,747040,26722,15102,46002,0,No,15843,7876,0,5943,0,565
CPETELICK2,662094,898556,4823825,61607,14496,55381,28102,High,85159,57733,78323,24115,194955,523
CPFSFPC0HB,140887,305256,340477,7491,6523,24848,0,No,22155,3377,35192,10836,32696,673
CPGO2H2QQ3,60401,42281,398647,9733,4928,15193,0,No,5435,1342,0,2052,33013,575
CPGPN0H7Q7,35705,42846,217800,5648,3220,9829,0,No,3354,2062,9248,1184,12216,554
CPJT3GI2HU,153910,125926,699590,27193,15414,69074,22769,High,16029,6242,44245,6385,0,591
CPKNUYY4I2,360959,832983,2637780,9503,13207,49940,0,No,57602,9553,71024,21870,104010,646
CPLPNXSFB7,50887,411723,18504,3542,0,11376,0,No,13859,2428,0,578,22109,661
CPMISHFXDA,8352,4772,0,103,660,8697,0,No,1423,0,0,0,4714,638
CPNUPPXNOR,427030,952606,2102304,24334,13451,51483,26452,High,56081,8603,72360,22275,126645,559
CPQYSDMRSI,185872,557615,480168,6653,7157,40591,13247,High,26625,3973,38773,11936,45494,620
CPSAQFHQWN,161773,517674,2782496,6249,0,17562,0,No,84521,19128,89419,8977,0,520
CPTIWVNK0R,423260,1237223,2897706,46032,0,65734,26321,High,61949,26761,0,23924,146689,522
CPUUZKOC8I,246648,756387,493296,11101,6857,26272,0,No,28504,9339,36925,10103,70565,623
CPVKH6R2O5,9016,5410,128929,270,4103,1507,0,No,1890,169,0,0,3324,536
CPVXNU6NIH,14959,200451,11967,1133,0,7307,0,No,4099,2192,6934,160,0,638
CPW97ITUGP,115560,219564,80892,9012,12090,37000,18488,High,12532,2808,0,5030,44293,625
CPZK2ORLFW,68906,218204,562736,4127,5433,20687,9964,High,19710,5515,0,8016,0,541
CPZOG49540,33697,13479,320122,6568,0,13786,0,No,3512,1776,0,1878,13351,560
CQ0BKBSWTD,23062,345924,30749,1737,0,3212,286,Low,4709,8002,6660,160,9270,604
CQ28OBK2XU,120222,204377,1166153,21359,0,34446,20955,High,11638,2631,0,3865,52111,538
CQ7TTR8ZSG,82484,749850,922316,6015,0,7805,0,No,42620,3661,0,6460,16811,558
CQ81NMJ7F6,21822,216038,28369,558,0,6333,0,No,5345,2556,13113,323,0,634
CQ8W8UXURZ,414920,1357920,2414080,56598,11348,43723,24605,High,69187,44904,0,18926,194290,538
CQ8XGI0FAU,18306,7322,60410,630,12040,4540,2050,High,5734,604,0,0,0,614
CQ9MC0W79N,17716,265748,11811,2056,0,8075,0,No,7954,5802,0,432,0,653
CQA9LAFU87,72542,87050,696403,10761,0,24100,0,No,8210,2863,22731,2734,23034,585
CQC8DV1JHH,241585,704624,2134003,32548,0,26113,14589,High,30600,16793,37605,10936,84945,537
CQCIVG5WXV,90168,18034,234437,7792,0,55183,13075,High,6462,1262,22419,2876,19838,590
CQCMHJBKIO,337242,2422014,4046909,13221,0,14785,3869,High,127006,30565,120783,11455,78487,502
CQDA5VFFZU,61064,97702,103809,14899,6557,28902,8363,High,8453,4010,18808,2565,0,584
CQDJ15H9AU,282341,927691,2399897,12153,0,43977,24280,High,40081,11114,0,17021,83039,609
CQEKX4ZK5I,342659,1588691,4174207,20501,0,15201,5037,High,124737,16147,125412,12592,79513,573
CQFBAOE6VA,120168,132185,733025,25713,11745,35963,0,No,13256,7800,0,4586,50185,572
CQFC3SS77O,44701,272676,8940,1093,0,9678,0,No,10103,4041,20216,439,9897,656
CQFL6QW3F9,42073,538534,33658,3206,0,10497,814,Low,12895,9888,21677,576,0,655
CQG0I47R30,14610,86333,15938,442,0,5164,0,No,4288,2000,6597,180,0,570
CQHYVI31QK,19513,12417,342363,533,0,3846,1491,Low,5478,555,0,0,9040,512
CQLXZPTAOV,243779,1950230,1950230,9623,38373,17192,0,No,80306,16349,84847,7098,39969,610
CQMKRNP8P4,90445,1068899,8222,3976,0,14217,1367,Low,17404,6578,29441,774,28129,645
CQNRJPY0L9,341314,414453,1925988,23355,0,73544,20998,High,52358,11140,0,20899,95634,527
CQP46X0866,66839,613706,0,9378,0,12320,0,No,21714,11391,0,666,23249,596
CQRIKAXCMG,122086,325562,2004239,12517,0,10817,0,No,82824,17164,0,8321,0,510
CQU42UAZAT,144998,474538,1647700,9282,0,22813,9992,High,24515,10803,31667,8124,44681,532
CQV66RXZ7A,30478,450404,47411,681,0,7658,0,No,8906,1412,16120,376,7381,616
CQW6175QWS,351365,432450,3216344,37283,0,43001,24670,High,57929,24825,0,18534,125260,494
CQX7VQ9153,7325,2747,36624,56,0,3289,0,No,4598,303,0,0,3037,625
CQYN882SPT,205316,914590,1978501,25568,12635,58159,0,No,52715,21452,67949,20919,0,554
CQZSQNUU15,0,13123,21735,0,0,0,0,No,440,134,607,0,3172,618
CQZUSIZIH3,362734,1352008,5968620,19660,48464,13142,3361,High,127512,20185,106989,10742,87960,512
CR0HUGADOE,97081,153712,347874,12001,5842,22591,0,No,24331,3666,31479,9691,0,629
CR0OZGAQAM,320497,1228573,908075,23840,0,80595,0,No,57530,21227,0,22410,109005,699
CR1JEJGFUH,45999,528988,45999,4825,0,7916,0,No,9959,11617,0,432,22498,602
CR21F0RC2D,156221,781104,511268,34410,0,12015,4328,High,102762,40340,0,8734,0,600
CR28V2VTPV,152964,588325,1682610,21402,0,23435,0,No,27520,13049,0,10051,50169,545
CR309EQ5AX,56174,56174,455009,9049,3850,11773,0,No,5116,2534,11079,1602,26241,565
CR30NAM53O,42209,473680,84418,4155,0,9023,0,No,11476,13227,0,432,19405,601
CR3IBRC4EG,0,7705,24040,0,0,0,498,Low,533,69,1066,0,1336,614
CR7IRKLE1J,238986,614534,597464,43391,13938,83409,0,No,63128,19956,0,23039,0,588
CRAWSKFP3F,428459,1285376,2882359,70610,0,55932,0,No,66423,24749,77543,23875,172948,578
CRB16ZF086,6238,6931,4852,360,0,1321,0,No,1851,254,1280,0,3332,677
CRBACHCX5K,370505,598508,912013,19271,13651,52960,23020,High,57050,17459,73916,22758,79103,676
CRDNXQFJVM,44184,614158,26510,2980,0,7358,684,Low,9216,5665,15516,322,14599,642
CRGW8NDUUO,182234,1242502,1722937,13125,0,11692,0,No,90543,18441,0,9609,54372,553
CRLI3FED4K,15758,15758,58305,688,0,6172,1542,High,4302,257,0,0,6286,614
CRN2U69U6M,308104,872960,539181,23209,0,36213,20755,High,46421,12109,51895,13313,110732,607
CRNFXHMCZ8,273858,252792,1200762,9406,12841,48408,0,No,52738,11757,68848,21195,39620,680
CRO3DTRFRY,393495,2911863,1062436,41574,56691,15452,0,No,145519,34991,125149,12563,95486,684
CROTLBKYAA,201875,689739,1598176,13825,0,42378,23693,High,38509,5205,0,18202,55457,585
CRPPQWDXR8,167939,251908,1735368,7216,0,55958,14037,High,26484,5391,35694,10989,31896,500
CRPSYP7B67,39814,7963,398140,3433,0,5662,2388,High,9603,1364,5532,0,20442,546
CRR5AW3YLZ,69451,868138,55561,6721,0,12957,0,No,13026,10269,19349,448,26958,576
CRRL68YEAT,137237,212094,736090,15212,10002,30888,16354,High,10352,2007,28643,4135,43067,574
CRV2UWYVDM,0,13756,20474,0,0,0,1287,Low,2476,247,0,0,0,492
CRV8AALOPK,32597,420803,20744,2637,0,7027,547,Low,10398,6227,14605,378,0,622
CRX61M52RA,86362,69090,371357,15583,6968,21196,0,No,7731,3479,20004,2886,32935,616
CRY003H913,57702,853990,17311,6824,0,12591,1273,Low,17016,18923,26094,684,0,629
CRYQA5BPKL,107401,1405973,146456,4669,0,14507,0,No,21613,13088,30170,792,36942,638
CRZZ3FXVXS,5704,815,0,49,0,5198,0,No,516,0,0,0,4623,617
CS3SG9QY8D,358794,938383,883184,31958,0,50403,0,No,61587,27579,0,19548,135959,713
CS4N7VDG40,125522,182578,821599,7727,0,51193,0,No,11083,3366,34401,4689,36417,599
CS63ULP7SJ,57215,732352,57215,4420,0,7789,529,Low,11877,11491,0,408,32443,610
CS8YMDXVVT,46636,575180,15545,3949,0,12880,0,No,15893,12169,0,624,17608,677
CSAHN5PB6L,50970,477261,13901,2392,0,16177,0,No,9753,10257,0,527,16839,627
CSB2SOFYVF,19773,1977,120615,966,7228,3460,878,Low,3898,790,0,0,7873,572
CSC000U481,32259,20162,1112942,1895,14094,5359,2002,High,9309,1908,5210,0,13313,300
CSCH9PGAV3,298506,964404,711822,17429,12067,71747,0,No,48291,9682,65467,20156,51127,669
CSDAO3N9KZ,321054,691502,543323,9867,13751,52390,0,No,53136,8205,73704,22689,68249,613
CSDVODADIL,275838,845903,588454,17896,11054,42119,23709,High,42500,11029,0,15220,61219,634
CSHWVQS0B8,202230,173340,1184490,9502,0,33923,0,No,34497,10683,0,14077,60403,590
CSMU9ESD0M,134922,359792,1113106,5450,0,43007,14004,High,24551,17271,40447,11763,0,525
CSP6OME1BZ,77892,1107802,77892,1669,0,14037,1266,Low,17403,10070,29333,774,33052,630
CSPDKZ81Q0,0,6757,22149,0,0,0,0,No,2120,325,2454,0,0,591
CSQCV2BLPL,382228,682550,1501610,26170,0,40791,0,No,52129,18688,58739,18084,119269,643
CSQF910SL2,83162,198310,806035,4638,0,19459,0,No,17053,1218,0,7654,21815,573
CSRRU78C5O,159927,930483,189004,1068,34552,9309,0,No,61266,8172,76325,7664,0,647
CSRUCC4HMW,86868,78181,677570,18055,0,45897,26447,High,17859,5214,0,5560,0,564
CSTCDVHXJJ,38535,558758,11560,1852,0,6379,0,No,7910,6219,13311,304,12635,628
CSTT41MI0F,45872,293581,59634,1744,0,10072,0,No,12228,7483,0,540,21326,639
CSU0YKJ9KO,14409,16010,422664,2022,0,6313,0,No,9174,1368,4911,0,0,363
CSWZZACVM5,7532,1369,193770,103,0,1476,0,No,1993,155,1511,0,2951,459
CSY8SRJE6J,462162,957336,3697299,17803,0,57442,29045,High,62573,26896,80958,24925,114336,572
CT1WZGNCLS,64103,52448,536130,15254,0,26962,0,No,9309,1430,25706,3708,0,589
CT1YF7E3M9,60299,32890,405646,6241,6553,20092,10812,High,6229,1510,0,2567,16278,593
CT2I5ILNJO,386108,675690,1512258,30952,0,53565,32609,High,72383,18779,75469,21947,101033,535
CT8553YB3D,77889,116834,724368,13217,0,38172,0,No,11442,2403,0,4298,23135,596
CT8N1MILIB,281577,974691,888052,17467,11128,43059,0,No,43531,7230,60028,18482,63576,617
CT8R4B2JZF,291949,604752,2043643,8573,0,41897,24794,High,39634,9812,59374,18280,55015,622
CT8SFQCNO2,169253,278058,1402382,14585,0,37916,0,No,25434,8711,0,8990,51201,565
CTAE9WUXJ2,31869,237570,31869,3741,0,13769,725,Low,13904,10720,0,506,0,581
CTAJ3WJMYR,153609,184331,691240,14222,14714,45591,26321,High,13055,2546,42281,5083,39740,591
CTBA9KUA1D,125508,460196,794884,10694,0,20331,0,No,22314,6763,0,8882,50541,596
CTBFDYL3X2,17680,170903,25537,1036,0,5839,548,Low,7291,2178,0,288,5997,595
CTC1Y5OVC8,56888,865963,94814,1380,0,11954,930,Low,13424,4245,24727,612,20766,621
CTC2SK6LYP,29502,8851,188813,4900,4171,12919,0,No,4305,723,11990,1728,0,564
CTFVW8GY2W,159977,47993,399942,31310,0,45188,25121,High,15351,5335,0,6118,69536,596
CTG7CPOSFY,82531,103164,646494,13149,4733,18210,0,No,19753,5294,25595,7005,0,571
CTGZ5578XC,28511,322174,37064,2206,0,5371,0,No,7642,6615,0,256,12828,595
CTGZPM7HO0,140505,1136815,89412,8763,0,5531,0,No,53256,11343,45164,4533,38901,626
CTIC3IX93M,40312,540181,32250,3639,0,11817,0,No,12217,8891,0,432,14338,630
CTII0XKYNU,101880,138927,944704,9219,5732,22198,11417,High,21165,3467,0,9012,27881,547
CTITSROLM2,318170,2400734,1851168,14685,0,14794,0,No,122796,17866,119247,11970,73777,588
CTMQS3ZT6S,86786,433928,899414,7265,0,4312,1563,High,26141,6770,34930,2922,17768,521
CTN1ENT62L,176145,739809,2730248,10109,49291,13525,0,No,94826,4028,0,10935,33433,547
CTQ7JZ7E75,10652,10652,314234,160,0,5803,0,No,4875,320,3729,0,2814,339
CTQFMV793O,157429,1159248,1073378,13280,25690,6974,0,No,67580,11577,0,4751,51479,568
CTSKLKWZHD,60765,103300,54688,4362,0,19441,12071,High,6643,3324,0,2207,26788,617
CTSLNWD43P,40936,24562,8187,4805,6109,22118,0,No,4332,774,0,2540,10715,666
CTSOPD41T5,139858,301232,892939,19288,0,31581,0,No,34212,7785,44124,13587,0,597
CTSV9CRCAZ,86015,51609,670917,16112,0,37893,19307,High,10919,5497,30080,4342,0,541
CTUBZITC1G,183004,750316,2488854,6011,55088,21850,0,No,81770,13517,0,12176,30177,558
CTUV0FUFWE,40198,259462,3654,1700,0,6136,521,Low,7439,4015,12504,288,12926,649
CTUZCC7EHN,267260,229080,400890,29056,0,38618,0,No,42340,13420,0,16863,87380,708
CTWRP8YS6J,27028,278388,21622,1623,0,3813,351,Low,5275,5618,8089,216,10120,576
CTX25Z8638,112176,179482,964714,12996,10841,33411,0,No,11379,3300,31369,4528,36581,579
CU0FNFRJP5,80896,145613,0,5238,9830,40141,0,No,7837,2296,0,3855,30833,663
CU0OS91F5L,522998,1150594,2126856,36720,0,51155,28964,High,57182,27750,73757,20181,136010,579
CU0TYZ2MHN,7087,4430,0,39,546,7342,0,No,1022,0,0,0,2919,681
CU2E6SP2IQ,167684,642790,1816581,11644,0,32477,0,No,29045,12026,0,12427,59187,593
CU3P87KY50,44879,648258,59839,3144,0,13673,0,No,16682,6467,0,738,18047,659
CU6LDHGDU7,178922,536765,1691622,14685,8037,41216,0,No,33424,13100,0,13313,69350,567
CU7NBJ93SN,0,6269,20494,0,0,0,0,No,2575,549,0,0,0,549
CU86DDVI8Z,202059,450747,1056924,2669,8169,31351,15885,High,32986,6813,44158,12843,39663,592
CU8MFZJCG8,9358,5615,151600,922,0,1298,0,No,2292,378,1312,0,5140,499
CU9587Z73W,20007,22508,457665,2312,15921,8519,0,No,8549,1444,0,0,0,423
CU9Q1ZVB68,200078,100039,720281,50137,0,44337,0,No,15627,9666,41918,5377,87674,621
CUBWWCXXJN,14241,145572,3165,299,0,3116,0,No,3899,1479,6580,160,4346,624
CUDY0VKGDL,70447,28179,317012,3818,9379,36315,0,No,7502,1777,0,3886,25780,611
CUG49T96U1,30593,397706,40790,2237,0,9085,884,Low,11197,3622,18919,504,0,638
CUGV0CLV8G,38166,33926,368941,1932,13472,5117,1917,High,8171,2310,0,0,19634,490
CUGVA9IKDS,70512,21154,197434,25728,0,45393,0,No,15665,5074,0,5170,0,626
CUHLTSX5ED,64188,911470,77026,2619,0,10206,0,No,15490,13511,21272,527,20305,660
CUHRRK1JLD,199790,744671,2125036,4820,52353,14149,0,No,101494,9127,0,11613,32131,588
CUHS2TP3GW,165661,90361,707825,13027,0,59588,0,No,13341,5776,37020,4748,61460,613
CUKELMW7UQ,88668,150053,197797,6473,0,21356,0,No,12346,4002,0,6394,29570,630
CUMKYTY0TN,158055,244266,1350648,10724,15214,45934,0,No,15808,4267,0,6319,72611,566
CUN2JRAZNS,275878,220703,2611650,74337,9213,34653,15921,High,47695,30866,49681,15295,0,563
CUNXYJQVEF,57540,621432,57540,2413,0,20081,0,No,16492,15013,27711,640,0,629
CUONYUZMAE,6141,1228,0,78,512,6656,0,No,1064,0,0,0,6774,586
CURCGLQ28E,39709,15884,778296,969,14914,5661,0,No,7975,1492,0,0,17989,485
CURSTLD3QH,26625,18638,175725,7487,0,11931,0,No,5110,1391,11259,1620,0,571
CUSVSN476N,13766,5162,471472,1507,5447,2075,0,No,3587,439,2017,0,6949,366
CUTYO8UZ1U,32929,256116,43906,1377,0,15536,966,Low,11138,5040,0,496,11018,613
CUV497NAZE,153573,1298392,2136064,13751,0,11404,2728,High,78902,19454,68661,6512,0,483
CUWLFUS2YI,12024,1718,0,154,0,7518,0,No,1199,0,0,0,11323,651
CUXBV44CGO,10847,8875,195248,1103,6390,2784,0,No,3422,643,0,0,0,507
CUXC1CWRW1,3790,1137,0,74,352,4591,0,No,682,0,0,0,0,659
CUXKGOZGRG,39081,499364,39081,1696,0,9834,0,No,10251,8563,0,522,18620,618
CUXOHOJWMZ,191298,1043442,1321693,3883,33044,8956,0,No,61562,3281,72764,7305,33404,591
CUYDH6FF0Y,15881,11117,123872,1101,10252,5222,973,Low,4764,306,0,0,0,522
CV129HJK9E,117622,176433,717494,16846,0,50190,19910,High,11150,4545,0,4436,45988,526
CV13TYT59L,298406,682070,2131470,26136,10202,38685,0,No,42708,17902,55078,16957,61609,552
CV29P4N1KZ,84915,169830,246254,7964,0,28400,0,No,7116,2679,26210,3782,30144,644
CV3W0KUGNS,41942,468987,53381,1298,0,14137,873,Low,10476,6080,19252,504,0,585
CV3YDSD4J5,44768,40698,773262,2441,12051,4546,2053,High,7924,1758,0,0,19896,453
CV6EKAFC7U,9451,0,221153,278,3537,3151,593,Low,1314,119,1306,0,2470,379
CV9G1F9WG1,102238,194252,122686,18033,0,44966,0,No,9903,3393,0,3956,48773,621
CVA1LSLIUT,262629,675331,2626288,19644,0,59763,0,No,43696,16268,0,17370,69962,525
CVCGQ3O1JD,388814,742281,2156149,17821,0,91402,0,No,63667,29181,82246,23917,132518,633
CVDWPL3ZGR,239024,1533740,2370325,20892,0,9226,3301,High,78286,14276,75612,7592,51192,576
CVFZ5KFI86,43716,528964,4372,10264,0,19780,0,No,18871,13750,0,774,0,662
CVHZX45MYV,50936,45842,463518,11438,10153,30992,0,No,9215,2580,0,4209,0,576
CVIP6O67DM,9609,1922,0,318,0,5763,0,No,937,0,0,0,4969,630
CVOBU3URZQ,0,7986,41261,0,0,0,0,No,1589,179,0,0,11787,560
CVQ3UC52QS,26768,10038,378098,1951,0,6412,0,No,9003,1054,0,0,19955,542
CVQIEUXPUP,148708,1382984,2676744,13593,0,9400,2420,High,90669,20048,0,6363,47623,484
CVQKIGJTFS,48358,42985,1171336,1674,15995,7306,2266,High,9538,1879,0,0,27267,343
CVQMTSWDJG,288056,493810,946468,27449,13271,50981,29841,High,55611,12801,71837,22117,0,589
CVR8NW0PMK,116447,186315,931576,10680,10472,32065,18397,High,10908,6951,0,4095,49823,547
CVV7QHBMS8,204368,1839312,3269888,10519,48378,13192,0,No,100230,24788,0,10091,49971,467
CVYXJUUGDG,26498,339174,31798,2495,0,8212,0,No,7955,6373,12991,342,0,608
CW0JU61SX5,42063,37857,37857,6448,4632,14426,0,No,4845,2237,0,1926,17931,660
CW1MWNE2JY,191741,479353,903923,12589,6475,24777,0,No,31116,13679,0,9588,63792,630
CW48CY2QQP,185365,320177,117960,41818,0,69619,0,No,14677,3916,40261,5809,52390,635
CW4RIT5Z6D,0,8448,30720,0,0,0,883,Low,1575,375,2169,0,0,499
CW6T8OZ5TV,178532,471835,1351744,7528,7753,29452,0,No,20514,6901,41535,12788,28302,605
CW7048MJL0,7650,4371,0,213,397,5321,0,No,813,0,0,0,6460,618
CW9AZ2KZQH,16708,148512,18564,458,0,7437,361,Low,6975,1213,0,225,6264,611
CWAL3FNMI0,223930,2216907,738969,10730,50146,19487,4634,High,104454,12805,0,10464,62695,637
CWD321EK5V,222426,606615,1294112,21347,8975,86038,0,No,37510,14175,0,13245,77291,585
CWFUAPBZZ7,158684,952103,2582218,12936,0,13938,0,No,93152,13090,0,10119,26827,528
CWH2TT5E29,44426,17770,93295,3382,4669,14259,0,No,4440,1492,0,1938,22137,636
CWHV9DXM4Z,318615,1115152,2594435,11227,9452,64926,14482,High,34833,11912,51257,15781,74802,577
CWI9V1G9V8,7127,2036,0,128,398,5228,0,No,818,0,0,0,5825,600
CWIQ57EQ3M,0,6010,18814,0,0,0,0,No,933,78,2044,0,0,564
CWJ877I5JF,116651,137860,922600,33451,0,31967,0,No,11789,8077,0,3807,45886,570
CWJE0TCGFT,176066,1584594,1424534,6075,0,20231,3301,High,89971,4903,88204,8363,0,566
CWKI0BQD5V,9172,3669,76128,225,0,3407,1333,Low,3426,349,3250,0,0,566
CWM9GG0UKO,21744,125632,45904,1459,0,9429,0,No,6988,4624,0,315,7214,606
CWN50RFK46,87334,674858,1579960,2834,0,11203,1775,High,42994,6576,0,5507,23041,430
CWNW0E8UNE,7700,1711,0,135,0,4902,0,No,737,0,0,0,4732,627
CWOQHJ5X2U,163896,506586,1385663,14087,23055,6221,1904,High,50296,16666,51096,4844,31814,549
CWRH5FX0M8,293346,900992,3059182,34580,10546,40012,0,No,43963,15175,0,16589,92440,621
CWRT2XK90L,169063,783839,1859697,31478,46021,12609,4466,High,101153,5759,0,10170,0,547
CWT7QB66D6,80621,16124,395043,7043,6284,19029,0,No,7060,3551,0,2610,48267,588
CWTRWIVMQD,23742,7914,263800,598,0,5590,0,No,6906,868,0,0,15409,525
CWZPFF4NJO,22543,275025,22543,1332,0,4925,459,Low,6015,2767,0,255,10636,619
CX1V91FJFL,34023,20414,95264,8416,0,24183,0,No,6670,1620,0,2938,0,641
CX806VQ02Q,378725,622191,4030718,34391,0,57436,0,No,62835,19197,0,25084,115904,572
CX90QUPVNL,186574,149260,1119447,36117,9301,53686,0,No,41629,23893,0,13729,0,561
CXAMT7VLGF,73994,44396,628949,5896,10498,51623,0,No,9970,918,0,3889,17515,555
CXAR9PF89Y,13661,168898,18628,835,0,5506,0,No,6281,2235,0,306,0,625
CXBKPTSCJZ,34803,435038,13921,1223,0,7331,0,No,8563,2476,15116,396,8422,674
CXCJLDEZP9,119566,489132,1163047,8666,6577,40397,0,No,20133,7529,0,10320,38256,557
CXCTOIZS0X,266057,665144,1235266,17835,0,42702,0,No,46968,19813,0,17734,78934,580
CXCZEK45XU,68967,55174,572426,4061,9579,29080,0,No,7543,2032,0,3767,27076,581
CXD5R19RRF,8988,3268,6537,360,3648,1370,0,No,1484,147,0,0,3180,661
CXEKEVVZJV,24082,280959,0,1308,0,5744,0,No,7149,5739,0,324,11338,628
CXFJDBA4S1,359558,419485,4344664,44366,0,41306,0,No,52662,19099,58865,18123,135886,524
CXFM250QIQ,17116,123235,5135,1191,0,3684,321,Low,4440,2373,0,198,7869,654
CXH4YTKINH,42325,609480,33860,1452,0,11561,1124,Low,12595,4718,24019,630,0,642
CXHN3793IM,59723,77640,334449,6793,7787,23608,12931,High,8077,1810,22441,3239,0,586
CXKX8F9DJQ,65215,592860,11857,2906,0,10779,0,No,13240,13074,22315,590,14745,663
CXMS76YTAH,180627,614132,180627,8899,37602,10038,3609,High,89070,13684,0,8336,55240,613
CXNXD8LY8B,123476,473326,1440558,13476,0,20629,8564,High,22326,8563,0,8421,40914,544
CXOXZ40QJL,106933,194424,855466,17829,0,28272,0,No,9659,5369,0,2307,55881,532
CXR1W3YGSX,21618,190634,11792,1617,0,3839,0,No,4633,4374,0,170,9592,589
CXR8RKU5YH,39300,247590,55020,2939,0,10289,922,Low,9544,3993,0,496,16981,638
CXRV9DRM18,82514,115520,651861,3228,0,33203,20827,High,8434,1686,0,3776,31613,570
CXSKVBBTX9,20217,10108,80868,2750,12520,4829,2023,High,5541,1096,0,0,0,561
CXUO6S5P07,69510,191152,254870,5743,0,16729,0,No,18437,3448,23665,7287,0,626
CXW0TYP091,289356,1078509,3077697,15473,44996,12223,4583,High,94086,13296,99242,9411,51460,546
CXYD1GWTK8,100653,785093,1459468,6997,31771,11652,2869,High,66393,10826,0,7047,0,498
CXYY97AJN3,52682,47414,52682,11318,0,18072,0,No,3954,2107,10475,1512,22181,591
CY2QHKQ3L7,44806,24440,232178,694,16074,6090,0,No,9714,722,5972,0,13482,622
CY3MUDXQ9X,120753,169054,362259,4780,13238,40631,0,No,11511,2919,38193,5513,36580,655
CY4DFJ9PQN,0,15842,62576,0,0,0,478,Low,737,111,920,0,6225,560
CY4SI2VOW2,16772,8386,0,424,0,7937,0,No,1298,0,0,0,14628,619
CY6T32CJFP,0,19808,49521,0,0,0,337,Low,642,80,0,0,4932,531
CY89JKWHYY,110735,387572,230698,6083,0,36880,12156,High,21814,8678,32095,9882,0,603
CY8SKSJ3PF,92747,176219,500834,12470,10422,31786,0,No,10880,3944,0,3610,40226,606
CYAXX8IV8G,51154,81846,219962,7773,0,15172,0,No,5217,734,14380,2072,19538,617
CYB8C3KPHV,30684,52163,147283,1770,0,10128,0,No,3494,1434,0,1228,17345,549
CYBLLYCZ1O,339872,962972,2747302,41061,13809,73506,0,No,57525,23306,0,21574,117286,558
CYC955J5T4,83800,645260,16760,4139,0,13153,0,No,16483,14065,27815,734,29461,677
CYE3ZLKT77,0,24686,44884,0,0,0,968,Low,1267,193,0,0,9161,540
CYECK8Z1H8,113185,158459,633836,7394,0,50538,18437,High,10977,3473,0,4360,49098,544
CYEUFOMTCA,248788,580504,1492726,27352,0,28597,14879,High,34314,14751,40295,12404,84838,596
CYF7SWG95Z,153309,129723,518892,8281,5141,20086,0,No,21277,1605,27650,8513,47748,634
CYFOMMOR8H,70477,56382,288956,26653,8873,27155,0,No,10125,2843,25411,3668,0,606
CYGDWEUNBW,9825,1228,0,95,589,11551,0,No,1024,0,0,0,4051,669
CYH24B1JL7,30027,318286,39035,3850,0,6466,512,Low,8735,10760,13505,360,0,641
CYJX6VCV3S,256740,770221,2347341,22549,0,36221,0,No,39598,9515,0,14896,89018,566
CYKE155Z6S,259146,1922000,1662854,20707,40977,11409,3147,High,92178,22172,0,8623,74180,587
CYLRQ8WEAG,71471,903139,110456,7825,0,11307,0,No,18361,12435,0,612,29859,608
CYLX7V2K2H,140835,380254,1816772,26543,0,22703,0,No,111943,17188,0,11189,0,506
CYPBUJZCQ1,23415,192526,41627,688,0,6117,0,No,5569,1850,12726,342,5886,663
CYPVTAB7T4,129221,1116003,281938,3759,0,12205,0,No,56603,7681,70048,7032,0,637
CYRNUJ5IBF,0,68775,131298,0,0,0,0,No,1757,259,2098,0,17686,497
CYSGIA3SRN,149199,287742,1257538,10843,0,39999,24301,High,33878,13753,0,11654,0,557
CYSIPX3IKC,469173,597129,3796037,83173,0,55668,0,No,88528,79395,0,20082,214310,486
CYU61X3US5,122839,368518,323849,2594,0,7082,0,No,48101,4929,57899,5164,16718,648
CYVS670TD8,215612,842847,1332875,14901,0,40487,24093,High,48720,8473,0,16719,78501,632
CYWSA6SGL5,164658,120749,1284332,33595,0,26440,0,No,38088,12682,37202,10819,0,584
CYWSZ8UBTW,15937,0,37187,1030,6793,2606,0,No,3679,622,0,0,7488,593
CYXAOHJVJD,81290,966445,162580,1255,0,14570,0,No,21772,16812,29840,784,29216,639
CYXAXRSKQU,8981,5613,0,164,0,5912,0,No,956,0,0,0,6572,636
CYXR7E9MBP,7226,7226,154960,422,0,2632,0,No,2055,342,0,0,4169,425
CZ0Y3R6FMI,144289,230862,1010023,8632,0,39171,14725,High,13196,3018,36541,4689,58699,562
CZ3SPQAK77,164824,545188,621261,11593,0,37964,0,No,38599,10314,0,14854,33311,629
CZ4G0L6599,251930,197945,2483310,9376,0,106595,26386,High,72707,15632,0,21639,0,525
CZ7HU7N1JC,4574,3268,0,132,0,3188,0,No,522,0,0,0,3996,636
CZ7K3RYBUE,37575,75150,247995,7564,3899,12075,0,No,4034,654,0,1616,16728,547
CZ7RMEE4B1,78987,57445,445197,12459,0,19550,0,No,5863,1504,15579,2250,33659,571
CZ8NMLY686,13186,4395,99627,645,5475,2096,821,Low,2954,299,0,0,6071,574
CZ9GYJRBTO,263308,283563,2734358,9126,0,36266,19592,High,47087,15082,51358,15811,63977,521
CZ9XKX99D6,107006,690674,1342436,5786,15564,4175,0,No,36061,6993,34267,2674,22972,531
CZA1JBMOSJ,123155,145547,1007631,13259,0,46915,26243,High,11901,975,0,6355,32384,575
CZA5T1R7KH,436101,407028,1831624,15316,11648,44729,20655,High,58676,28138,0,19355,144257,691
CZBKXG2YCP,83816,963884,142487,2901,0,13500,0,No,16784,14009,28241,738,28765,628
CZCBASVATE,18226,0,553603,711,0,4932,0,No,6680,606,4865,0,9664,388
CZEGU4SICC,25645,17952,251321,788,13605,5201,2229,High,4632,388,0,0,6072,519
CZEVTXBYEC,175426,593749,1376419,8840,7046,26609,15762,High,24046,12731,0,10380,51916,566
CZFKWZELZD,126227,126227,830993,13659,0,20160,11505,High,21958,11154,0,8765,41186,564
CZGU88LJU8,165210,690879,2207808,6579,8411,32088,0,No,24138,7565,45510,13237,42966,555
CZGZHF513X,69678,563762,931157,5148,15812,4259,0,No,32915,6743,0,3114,12535,518
CZI9GV5HZX,172144,1047207,2209176,3573,29259,7887,0,No,55693,7149,64363,5744,15252,574
CZJCTPQINE,3935,984,0,124,440,5962,0,No,877,0,0,0,0,672
CZJHIF2MOW,63078,37847,473085,9085,6911,21305,0,No,6257,2381,0,2705,26470,593
CZJRN4XX95,113983,82897,269415,24851,8607,27058,15447,High,11159,4255,0,3590,41339,575
CZJXRXWEN1,40076,40076,320610,5659,0,12696,0,No,4256,1310,0,1696,17563,562
CZKDY4BMHI,176478,544140,1573596,11414,14895,72389,0,No,54678,12102,0,23422,0,558
CZKPJ7YM0X,279600,675700,3378500,8190,0,77076,28554,High,52098,9799,65521,20172,47348,538
CZLL0SIIME,215980,701934,1187888,27758,0,48093,0,No,45141,21404,0,13011,73380,561
CZLTQPUYCF,388824,453628,2300542,61339,10768,40886,0,No,66528,32429,57971,17847,131052,543
CZMKW2O5RV,103993,75631,841397,9735,10863,33098,19863,High,10836,2981,0,4281,28797,555
CZP8X31GN9,39699,396990,3970,3644,0,9148,879,Low,11199,5089,0,476,16136,619
CZPS645EDZ,192987,791247,1370208,11732,0,14580,0,No,112511,15400,0,11929,62608,587
CZPWHY47MO,18830,2354,393068,1874,0,4232,0,No,6004,1130,4149,0,11174,411
CZQHJC9HDH,328892,1465066,5501471,26833,0,14704,4662,High,113388,21607,120385,10072,74298,418
CZRA4MLB0P,81404,88805,680837,7336,0,47235,0,No,10623,2239,0,4336,24625,589
CZSOD1KVFX,0,42428,30760,0,0,0,0,No,953,260,1174,0,8804,499
CZWC76UAUT,36011,8002,604181,3264,14441,5418,0,No,9625,1219,5345,0,13244,507
CZZV5B3SAL,44266,309859,44266,2838,0,11301,0,No,12344,13004,0,544,18840,657
